,majority,shortest_path,shortest_restricted_path,relative_increase,absolute_increase,n_cameras
Census Tract 8424,black,415.63333333333327,421.6333333333334,0.01443580078594943,6.000000000000114,1.0
Census Tract 8403,white,303.8333333333333,304.40000000000003,0.0018650575973671523,0.5666666666667197,0.3333333333333333
Census Tract 8411,white,281.5,281.5,0.0,0.0,0.0
Census Tract 8412,white,175.33333333333334,175.33333333333334,0.0,0.0,0.0
Census Tract 8390,white,187.9,187.9,0.0,0.0,0.0
Census Tract 8382,black,210.36666666666667,210.36666666666667,0.0,0.0,0.0
Census Tract 6503.01,white,300.6666666666667,374.76666666666665,0.2464523281596451,74.09999999999997,1.3333333333333333
Census Tract 5305.03,black,305.03333333333336,316.53333333333336,0.037700797727024365,11.5,0.3333333333333333
Census Tract 7608.03,white,464.1000000000001,464.1000000000001,0.0,0.0,0.0
Census Tract 306.01,white,172.29999999999998,196.10000000000002,0.1381311665699364,23.80000000000004,0.3333333333333333
Census Tract 306.04,white,227.70000000000002,355.93333333333334,0.5631679109939979,128.23333333333332,1.3333333333333333
Census Tract 208.01,white,202.53333333333333,219.76666666666668,0.08508887425938125,17.23333333333335,1.0
Census Tract 5401.02,black,184.9,184.9,0.0,0.0,0.0
Census Tract 8433,white,126.06666666666666,126.06666666666666,0.0,0.0,0.0
Census Tract 5401.01,black,232.1,232.1,0.0,0.0,0.0
Census Tract 4402.01,black,196.5666666666667,207.26666666666665,0.054434458199084074,10.69999999999996,0.3333333333333333
Census Tract 802.02,white,293.46666666666664,301.76666666666665,0.028282598818718807,8.300000000000011,1.0
Census Tract 701.02,white,320.73333333333335,358.2,0.11681563084597787,37.46666666666664,1.3333333333333333
Census Tract 315.01,white,171.20000000000002,191.93333333333337,0.12110591900311535,20.73333333333335,0.3333333333333333
Census Tract 315.02,white,153.43333333333337,163.53333333333333,0.06582663480338886,10.099999999999966,0.3333333333333333
Census Tract 8349,black,200.36666666666665,200.36666666666665,0.0,0.0,0.0
Census Tract 8348,black,192.43333333333337,192.43333333333337,0.0,0.0,0.0
Census Tract 1605.02,white,204.9,254.29999999999998,0.24109321620302576,49.39999999999998,1.0
Census Tract 1407.02,white,204.70000000000002,206.9,0.010747435271128425,2.1999999999999886,0.3333333333333333
Census Tract 8420,white,253.0666666666667,253.0666666666667,0.0,0.0,0.0
Census Tract 1504.02,white,186.63333333333333,214.70000000000002,0.150383997142347,28.06666666666669,1.3333333333333333
Census Tract 8344,black,208.93333333333337,212.93333333333337,0.019144862795149965,4.0,0.6666666666666666
Census Tract 402.01,white,211.86666666666667,216.76666666666665,0.02312775330396465,4.899999999999977,0.3333333333333333
Census Tract 402.02,white,188.9333333333333,204.23333333333335,0.08098094565984497,15.30000000000004,1.0
Census Tract 207.02,white,79.4,79.4,0.0,0.0,0.0
Census Tract 208.02,white,136.33333333333334,148.36666666666667,0.08826405867970658,12.033333333333331,1.0
Census Tract 203.01,white,131.46666666666667,131.46666666666667,0.0,0.0,0.0
Census Tract 8387,white,177.03333333333333,177.03333333333333,0.0,0.0,0.0
Census Tract 206.01,white,141.1,147.16666666666666,0.04299551145759506,6.066666666666663,0.6666666666666666
Census Tract 8415,white,96.83333333333333,96.83333333333333,0.0,0.0,0.0
Census Tract 8386,black,74.5,74.5,0.0,0.0,0.0
Census Tract 8373,black,78.5,78.5,0.0,0.0,0.0
Census Tract 206.02,white,179.66666666666666,194.20000000000002,0.08089053803339533,14.53333333333336,0.6666666666666666
Census Tract 633.01,white,319.7,357.1666666666667,0.11719320196017109,37.4666666666667,1.3333333333333333
Census Tract 8378,black,204.83333333333334,211.0666666666667,0.03043124491456476,6.2333333333333485,0.6666666666666666
Census Tract 8374,black,124.96666666666665,124.96666666666665,0.0,0.0,0.0
Census Tract 8369,black,116.63333333333333,116.63333333333333,0.0,0.0,0.0
Census Tract 203.02,white,195.73333333333332,201.93333333333337,0.03167574931880132,6.2000000000000455,0.6666666666666666
Census Tract 209.02,white,184.4,189.9666666666667,0.030187997107736935,5.566666666666691,0.6666666666666666
Census Tract 107.01,white,250.4333333333333,268.59999999999997,0.07254092905630238,18.166666666666657,1.0
Census Tract 301.03,white,161.23333333333332,185.03333333333333,0.1476121562952244,23.80000000000001,0.3333333333333333
Census Tract 633.03,white,420.3666666666666,457.73333333333335,0.08889065101895187,37.36666666666673,1.6666666666666667
Census Tract 301.02,white,161.06666666666666,184.86666666666667,0.14776490066225173,23.80000000000001,0.3333333333333333
Census Tract 105.02,white,121.13333333333334,128.96666666666667,0.06466703357182164,7.833333333333329,0.3333333333333333
Census Tract 105.03,white,134.13333333333333,136.70000000000002,0.01913518886679939,2.5666666666666913,0.3333333333333333
Census Tract 107.02,white,105.2,105.2,0.0,0.0,0.0
Census Tract 8371,black,151.36666666666667,155.36666666666667,0.02642589737943184,4.0,0.6666666666666666
Census Tract 8370,black,110.3,110.3,0.0,0.0,0.0
Census Tract 102.01,white,287.2,306.59999999999997,0.06754874651810577,19.399999999999977,1.0
Census Tract 209.01,white,245.10000000000002,263.26666666666665,0.07411940704474348,18.16666666666663,1.0
Census Tract 404.01,white,162.46666666666667,174.4,0.07345096430036933,11.933333333333337,0.6666666666666666
Census Tract 2106.02,white,222.70000000000002,272.6333333333334,0.22421793144738825,49.933333333333366,1.6666666666666667
Census Tract 1605.01,white,219.9333333333333,266.40000000000003,0.2112761442861476,46.466666666666725,1.0
Census Tract 1913.02,white,282.6333333333334,309.73333333333335,0.09588394857884171,27.099999999999966,0.6666666666666666
Census Tract 1906.02,white,285.40000000000003,330.1666666666667,0.15685587479560842,44.76666666666665,2.3333333333333335
Census Tract 8402,white,315.1666666666667,315.1666666666667,0.0,0.0,0.0
Census Tract 5305.01,black,278.2,286.56666666666666,0.030074287083632908,8.366666666666674,0.6666666666666666
Census Tract 207.01,white,150.13333333333335,150.13333333333335,0.0,0.0,0.0
Census Tract 8314,black,199.9666666666667,199.9666666666667,0.0,0.0,0.0
Census Tract 8313,black,204.73333333333335,258.8333333333333,0.26424617388472793,54.099999999999966,2.0
Census Tract 105.01,white,141.16666666666666,141.16666666666666,0.0,0.0,0.0
Census Tract 8330,white,187.0666666666667,187.0666666666667,0.0,0.0,0.0
Census Tract 7608.01,white,411.3,411.3,0.0,0.0,0.0
Census Tract 2521.01,black,184.86666666666665,184.86666666666665,0.0,0.0,0.0
Census Tract 2521.02,black,202.80000000000004,202.80000000000004,0.0,0.0,0.0
Census Tract 2522.02,black,209.86666666666667,214.36666666666667,0.021442185514612452,4.5,0.3333333333333333
Census Tract 2206.01,white,279.20000000000005,283.40000000000003,0.015042979942693366,4.199999999999989,0.6666666666666666
Census Tract 2105.02,white,156.63333333333333,167.83333333333331,0.07150457544158324,11.199999999999989,0.6666666666666666
Census Tract 2206.02,white,220.33333333333334,240.63333333333335,0.09213313161875951,20.30000000000001,1.0
Census Tract 2209.01,white,221.73333333333335,258.8666666666666,0.16746843054720353,37.13333333333327,2.0
Census Tract 2209.02,white,200.9,226.0666666666667,0.1252696200431393,25.166666666666686,1.3333333333333333
Census Tract 2004.01,white,103.76666666666667,103.76666666666667,0.0,0.0,0.0
Census Tract 2004.02,white,125.66666666666667,125.66666666666667,0.0,0.0,0.0
Census Tract 1913.01,white,339.90000000000003,372.56666666666666,0.0961066980484455,32.66666666666663,1.3333333333333333
Census Tract 1906.01,white,233.56666666666663,254.13333333333335,0.08805480234051687,20.56666666666672,1.3333333333333333
Census Tract 1907.01,white,230.5,274.3,0.19002169197396968,43.80000000000001,1.6666666666666667
Census Tract 1907.02,white,258.0333333333333,296.03333333333336,0.14726779485854566,38.00000000000006,2.0
Census Tract 1904.01,white,180.70000000000002,198.0,0.09573879358052009,17.299999999999983,1.0
Census Tract 1904.02,white,189.0666666666667,211.33333333333334,0.11777150916784193,22.26666666666665,1.0
Census Tract 8321,white,224.30000000000004,249.46666666666667,0.1122009213850496,25.16666666666663,1.0
Census Tract 8438,white,166.80000000000004,166.80000000000004,0.0,0.0,0.0
Census Tract 8428,white,157.79999999999998,182.36666666666667,0.15568229826784977,24.56666666666669,0.6666666666666666
Census Tract 3515,white,192.9333333333333,192.9333333333333,0.0,0.0,0.0
Census Tract 9801,white,247.8666666666667,247.8666666666667,0.0,0.0,0.3333333333333333
Census Tract 8333,white,279.2333333333333,279.2333333333333,0.0,0.0,0.0
Census Tract 8329,white,249.66666666666666,249.66666666666666,0.0,0.0,0.0
Census Tract 8380,black,209.46666666666667,209.46666666666667,0.0,0.0,0.0
Census Tract 8381,black,228.4,229.76666666666665,0.00598365440747218,1.3666666666666458,0.3333333333333333
Census Tract 307.06,white,231.16666666666666,273.96666666666664,0.18514780100937267,42.79999999999998,0.6666666666666666
Census Tract 3815,black,156.73333333333335,156.73333333333335,0.0,0.0,0.0
Census Tract 8331,white,247.89999999999998,249.33333333333334,0.0057819013042894945,1.4333333333333655,0.3333333333333333
Census Tract 8391,white,187.66666666666666,187.66666666666666,0.0,0.0,0.0
Census Tract 812.01,white,309.46666666666664,312.6333333333334,0.010232658336923986,3.1666666666667425,0.6666666666666666
Census Tract 1504.01,white,203.96666666666667,296.76666666666665,0.45497630331753547,92.79999999999998,1.0
Census Tract 1505.01,white,263.76666666666665,288.06666666666666,0.09212687981802102,24.30000000000001,1.0
Census Tract 8430,black,204.4,204.4,0.0,0.0,0.0
Census Tract 8429,white,220.83333333333334,220.83333333333334,0.0,0.0,0.0
Census Tract 8421,black,171.0,233.0666666666667,0.3629629629629631,62.06666666666669,1.0
Census Tract 8419,white,247.4333333333333,247.4333333333333,0.0,0.0,0.0
Census Tract 802.01,white,328.6666666666667,336.96666666666664,0.025253549695740226,8.299999999999955,1.0
Census Tract 701.01,white,336.6333333333334,423.8333333333333,0.2590355480740665,87.19999999999993,1.0
Census Tract 404.02,white,174.96666666666667,184.73333333333335,0.0558201562202325,9.76666666666668,0.3333333333333333
Census Tract 2207.02,white,150.16666666666666,171.0666666666667,0.13917869034406238,20.900000000000034,1.0
Census Tract 1403.01,white,189.96666666666667,197.79999999999998,0.04123530443937523,7.833333333333314,0.6666666666666666
Census Tract 8422,white,319.06666666666666,356.76666666666665,0.11815712494776427,37.69999999999999,1.3333333333333333
Census Tract 8437,white,303.43333333333334,371.09999999999997,0.2230034054707238,67.66666666666663,2.3333333333333335
Census Tract 8350,white,240.36666666666667,250.83333333333334,0.04354458466232146,10.466666666666669,1.3333333333333333
Census Tract 8423,white,251.80000000000004,254.80000000000004,0.011914217633042096,3.0,0.3333333333333333
Census Tract 2302,white,225.0666666666667,268.8666666666667,0.1946090047393364,43.79999999999998,2.0
Census Tract 8351,white,201.96666666666667,209.26666666666665,0.03614457831325293,7.299999999999983,0.3333333333333333
Census Tract 8347,black,210.9333333333333,210.9333333333333,0.0,0.0,0.0
Census Tract 1510.01,white,238.4,256.1,0.07424496644295309,17.700000000000017,1.0
Census Tract 1510.02,white,198.9666666666667,243.83333333333334,0.22549840844362526,44.866666666666646,1.3333333333333333
Census Tract 1606.02,white,249.76666666666665,311.40000000000003,0.24676364606966522,61.63333333333338,1.0
Census Tract 1406.01,white,189.23333333333332,214.20000000000005,0.13193588162762054,24.966666666666725,1.0
Census Tract 1407.01,white,183.93333333333337,197.13333333333335,0.07176513229430946,13.199999999999989,0.3333333333333333
Census Tract 1406.02,white,200.96666666666667,203.26666666666665,0.011444684027201772,2.299999999999983,1.0
Census Tract 3905,black,121.56666666666668,121.56666666666668,0.0,0.0,0.0
Census Tract 8418,black,200.83333333333334,201.06666666666663,0.0011618257261408712,0.23333333333329165,0.3333333333333333
Census Tract 8425,black,176.4333333333333,200.5333333333333,0.1365955034951823,24.099999999999994,0.3333333333333333
Census Tract 8426,white,254.16666666666666,254.16666666666666,0.0,0.0,0.0
Census Tract 8435,white,240.4333333333333,279.1666666666667,0.16109801746845992,38.73333333333338,0.3333333333333333
Census Tract 8434,white,155.13333333333333,190.9333333333333,0.23076923076923067,35.79999999999998,1.0
Census Tract 1403.02,white,190.3666666666667,193.9666666666667,0.0189108737524076,3.5999999999999943,0.3333333333333333
Census Tract 1105.01,white,292.59999999999997,329.3333333333333,0.12554112554112562,36.73333333333335,0.3333333333333333
Census Tract 3904,black,100.16666666666667,100.16666666666667,0.0,0.0,0.0
Census Tract 8432,white,266.3666666666666,277.6666666666667,0.04242272556626231,11.300000000000068,0.6666666666666666
Census Tract 8408,white,237.9,242.13333333333335,0.01779459156508343,4.2333333333333485,0.3333333333333333
Census Tract 1105.02,white,221.96666666666667,247.96666666666667,0.11713470491064724,26.0,0.3333333333333333
Census Tract 7608.02,white,230.5,230.5,0.0,0.0,0.0
Census Tract 1505.02,white,183.23333333333335,206.30000000000004,0.12588684737129355,23.06666666666669,1.0
Census Tract 8431,white,63.800000000000004,63.800000000000004,0.0,0.0,0.0
Census Tract 8343,black,159.33333333333334,159.33333333333334,0.0,0.0,0.0
Census Tract 8439,black,172.9333333333333,172.9333333333333,0.0,0.0,0.0
Census Tract 8312,white,174.46666666666667,206.9333333333333,0.18609094382881147,32.46666666666664,1.0
Census Tract 8316,white,324.0,358.8666666666666,0.10761316872427969,34.86666666666662,1.3333333333333333
Census Tract 8315,white,227.96666666666667,258.76666666666665,0.13510747185260996,30.799999999999983,1.3333333333333333
Census Tract 8311,white,297.0,316.7,0.0663299663299663,19.69999999999999,0.6666666666666666
Census Tract 8317,white,177.69999999999996,200.29999999999998,0.12718064153066982,22.600000000000023,1.6666666666666667
Census Tract 2715,black,137.1,137.1,0.0,0.0,0.0
Census Tract 4402.02,black,228.93333333333337,228.93333333333337,0.0,0.0,0.0
Census Tract 4401.02,black,216.19999999999996,216.19999999999996,0.0,0.0,0.0
Census Tract 307.02,white,165.1,208.46666666666667,0.262669089440743,43.366666666666674,1.3333333333333333
Census Tract 306.03,white,176.4,183.13333333333335,0.038170823885109686,6.7333333333333485,0.6666666666666666
Census Tract 307.01,white,216.16666666666666,232.83333333333334,0.07710100231303016,16.666666666666686,1.3333333333333333
Census Tract 8363,black,106.8,106.8,0.0,0.0,0.0
Census Tract 8383,white,302.96666666666664,302.96666666666664,0.0,0.0,0.0
Census Tract 8398,white,280.90000000000003,280.90000000000003,0.0,0.0,0.0
Census Tract 8366,black,148.43333333333334,160.63333333333333,0.08219178082191773,12.199999999999989,0.3333333333333333
Census Tract 7302.02,black,275.6666666666667,296.1666666666667,0.0743651753325272,20.5,0.6666666666666666
Census Tract 4301.01,black,179.5,179.5,0.0,0.0,0.0
Census Tract 633.02,white,302.96666666666664,344.6666666666667,0.13763890416987584,41.700000000000045,1.6666666666666667
Census Tract 8362,black,157.06666666666666,157.06666666666666,0.0,0.0,0.0
Census Tract 714,white,405.3333333333333,411.3,0.01472039473684218,5.966666666666697,0.3333333333333333
Census Tract 8401,white,301.33333333333337,301.33333333333337,0.0,0.0,0.0
Census Tract 5805.02,white,211.76666666666668,220.36666666666667,0.04061073508578621,8.599999999999994,0.6666666666666666
Census Tract 8414,white,179.16666666666666,179.16666666666666,0.0,0.0,0.0
Census Tract 814.01,white,299.3666666666666,301.46666666666664,0.007014809041309508,2.1000000000000227,1.0
Census Tract 814.03,white,323.8333333333333,324.8333333333333,0.003088008234688626,1.0,0.3333333333333333
Census Tract 307.03,white,172.5666666666667,199.26666666666665,0.1547228124396366,26.69999999999996,1.0
Census Tract 8360,black,147.13333333333333,147.13333333333333,0.0,0.0,0.0
Census Tract 8358,black,133.23333333333335,133.23333333333335,0.0,0.0,0.0
Census Tract 8359,black,149.83333333333334,149.83333333333334,0.0,0.0,0.0
Census Tract 8345,black,204.46666666666667,204.46666666666667,0.0,0.0,0.0
Census Tract 8436,black,86.0,86.0,0.0,0.0,0.0
Census Tract 5805.01,white,257.43333333333334,267.09999999999997,0.03755017480253773,9.666666666666629,0.6666666666666666
Census Tract 8346,black,201.4333333333333,201.4333333333333,0.0,0.0,0.0
Census Tract 8318,white,129.9,129.9,0.0,0.0,0.0
Census Tract 716,white,362.5,376.8999999999999,0.03972413793103426,14.39999999999992,0.6666666666666666
Census Tract 8326,white,350.6666666666667,355.0666666666666,0.01254752851711004,4.39999999999992,0.3333333333333333
Census Tract 619.01,white,269.59999999999997,282.40000000000003,0.04747774480712192,12.800000000000068,0.6666666666666666
Census Tract 8399,white,281.90000000000003,281.90000000000003,0.0,0.0,0.0
Census Tract 301.04,white,258.3,287.6333333333334,0.11356304039230883,29.33333333333337,1.3333333333333333
Census Tract 8397,white,342.3,342.3,0.0,0.0,0.0
Census Tract 8352,white,244.56666666666663,300.59999999999997,0.2291127163690882,56.03333333333333,1.3333333333333333
Census Tract 8339,black,197.4,197.4,0.0,0.0,0.0
Census Tract 8368,black,130.26666666666668,132.70000000000002,0.018679631525076793,2.433333333333337,0.3333333333333333
Census Tract 8388,black,491.0666666666666,491.0666666666666,0.0,0.0,0.0
Census Tract 8367,black,90.09999999999998,90.09999999999998,0.0,0.0,0.0
Census Tract 8322,white,317.1333333333333,326.50000000000006,0.029535421484128858,9.366666666666731,0.6666666666666666
Census Tract 2522.01,black,223.0666666666667,223.0666666666667,0.0,0.0,0.0
Census Tract 8310,white,236.03333333333333,243.83333333333334,0.033046179918090716,7.800000000000011,0.6666666666666666
Census Tract 8324,white,283.40000000000003,289.3666666666667,0.021053869677722794,5.96666666666664,0.6666666666666666
Census Tract 701.03,white,368.1333333333334,401.59999999999997,0.09090909090909068,33.46666666666658,1.3333333333333333
Census Tract 2207.01,white,172.63333333333333,187.9,0.08843406062946522,15.26666666666668,1.3333333333333333
Census Tract 8416,white,123.36666666666667,123.36666666666667,0.0,0.0,0.0
Census Tract 6603.01,white,221.36666666666667,253.73333333333335,0.1462129197410029,32.366666666666674,1.3333333333333333
Census Tract 6603.02,white,223.6,241.73333333333335,0.08109719737626724,18.133333333333354,1.0
Census Tract 3018.02,white,172.79999999999998,172.79999999999998,0.0,0.0,0.0
Census Tract 8340,black,251.5666666666667,252.6,0.004107592420829348,1.033333333333303,0.3333333333333333
Census Tract 8342,black,90.30000000000001,90.30000000000001,0.0,0.0,0.0
Census Tract 7302.01,black,301.56666666666666,319.6,0.05979882834088657,18.03333333333336,0.3333333333333333
Census Tract 8355,white,143.03333333333333,143.03333333333333,0.0,0.0,0.0
Census Tract 8395,white,270.8666666666667,270.8666666666667,0.0,0.0,0.0
Census Tract 8392,white,323.6333333333334,323.6333333333334,0.0,0.0,0.0
Census Tract 5305.02,black,273.76666666666665,273.76666666666665,0.0,0.0,0.0
Census Tract 8404,white,328.20000000000005,333.59999999999997,0.01645338208409482,5.39999999999992,0.3333333333333333
Census Tract 8410,white,298.7666666666667,312.5,0.045966752203503145,13.733333333333292,0.3333333333333333
Census Tract 301.01,white,171.76666666666665,195.5666666666667,0.13856006209974797,23.80000000000004,0.3333333333333333
Census Tract 7003.02,black,264.43333333333334,285.96666666666664,0.08143199294087976,21.533333333333303,0.6666666666666666
Census Tract 7004.02,black,364.06666666666666,364.06666666666666,0.0,0.0,0.0
Census Tract 7004.01,black,268.4,295.3666666666666,0.10047193243914547,26.96666666666664,0.6666666666666666
Census Tract 8305,white,150.86666666666667,150.86666666666667,0.0,0.0,0.0
Census Tract 8417,white,130.5666666666667,130.5666666666667,0.0,0.0,0.0
Census Tract 6401,white,256.2,256.2,0.0,0.0,0.3333333333333333
Census Tract 8407,white,96.73333333333335,96.73333333333335,0.0,0.0,0.0
Census Tract 8413,white,197.83333333333334,198.0,0.0008424599831507524,0.1666666666666572,0.3333333333333333
Census Tract 3018.01,white,72.73333333333333,72.73333333333333,0.0,0.0,0.0
Census Tract 608,white,188.86666666666667,234.23333333333335,0.24020472996823158,45.366666666666674,1.0
Census Tract 8323,white,288.8,292.7666666666667,0.013734995383194934,3.966666666666697,0.6666666666666666
Census Tract 8325,white,329.6666666666667,352.2,0.06835187057633964,22.533333333333303,1.0
Census Tract 8320,white,267.1333333333334,289.2,0.08260544047916123,22.066666666666606,1.0
Census Tract 1606.01,white,246.16666666666666,273.3666666666667,0.11049424509140156,27.200000000000017,1.6666666666666667
Census Tract 2105.01,white,244.29999999999998,277.73333333333335,0.13685359530631752,33.433333333333366,1.3333333333333333
Census Tract 2106.01,white,282.6666666666667,302.3666666666667,0.06969339622641504,19.69999999999999,0.6666666666666666
Census Tract 813,white,326.73333333333335,333.93333333333334,0.0220363191185472,7.199999999999989,0.6666666666666666
Census Tract 7005.02,black,331.23333333333335,333.93333333333334,0.008151353527221461,2.6999999999999886,0.6666666666666666
Census Tract 8361,black,125.56666666666665,125.56666666666665,0.0,0.0,0.0
Census Tract 8357,white,144.1,144.1,0.0,0.0,0.0
Census Tract 611,white,218.93333333333337,231.73333333333335,0.05846528623629711,12.799999999999983,0.6666666666666666
Census Tract 8365,black,304.56666666666666,314.46666666666664,0.03250519864288052,9.899999999999977,0.6666666666666666
Census Tract 8396,black,196.5333333333334,196.5333333333334,0.0,0.0,0.0
Census Tract 8400,white,253.76666666666665,253.76666666666665,0.0,0.0,0.0
Census Tract 8356,white,191.0,191.0,0.0,0.0,0.0
Census Tract 8308,white,109.06666666666666,109.06666666666666,0.0,0.0,0.0
Census Tract 4603.01,black,152.86666666666667,152.86666666666667,0.0,0.0,0.0
Census Tract 3017.01,white,179.13333333333333,179.13333333333333,0.0,0.0,0.0
Census Tract 3104,white,270.56666666666666,270.56666666666666,0.0,0.0,0.0
Census Tract 5301,black,148.63333333333335,148.63333333333335,0.0,0.0,0.0
Census Tract 811,white,292.7666666666667,295.93333333333334,0.010816349766594426,3.1666666666666288,0.6666666666666666
Census Tract 1507,white,201.1,219.60000000000002,0.09199403281949294,18.50000000000003,1.0
Census Tract 3017.02,white,115.43333333333335,115.43333333333335,0.0,0.0,0.0
Census Tract 7003.01,black,272.09999999999997,306.6666666666667,0.12703662869043264,34.56666666666672,0.6666666666666666
Census Tract 4909.02,black,128.4333333333333,128.4333333333333,0.0,0.0,0.0
Census Tract 618,white,250.1,262.90000000000003,0.05117952818872467,12.80000000000004,0.6666666666666666
Census Tract 4909.01,black,98.0,98.0,0.0,0.0,0.0
Census Tract 6503.02,white,279.46666666666664,354.9666666666667,0.27015744274809184,75.50000000000006,1.3333333333333333
Census Tract 8319,white,252.4333333333333,267.5,0.059685725604120006,15.066666666666691,1.0
Census Tract 8306,white,265.6666666666667,276.9666666666667,0.042534504391468046,11.300000000000011,0.6666666666666666
Census Tract 8309,white,329.03333333333336,353.8999999999999,0.07557491642184143,24.86666666666656,2.3333333333333335
Census Tract 8307,white,139.49999999999997,144.16666666666666,0.03345280764635618,4.666666666666686,0.3333333333333333
Census Tract 3009,white,161.0,161.0,0.0,0.0,0.0
Census Tract 7005.01,black,300.7,333.1666666666667,0.10797029154195775,32.4666666666667,0.6666666666666666
Census Tract 4603.02,black,184.46666666666667,184.46666666666667,0.0,0.0,0.0
Census Tract 4313.02,black,164.9,164.9,0.0,0.0,0.0
Census Tract 2229,white,222.13333333333333,244.69999999999996,0.10159063625450165,22.566666666666634,1.6666666666666667
Census Tract 4313.01,black,199.80000000000004,199.80000000000004,0.0,0.0,0.0
Census Tract 4401.01,black,153.9333333333333,176.6,0.14724989172802094,22.666666666666686,0.6666666666666666
Census Tract 3018.03,white,88.63333333333333,88.63333333333333,0.0,0.0,0.0
Census Tract 3102,white,246.26666666666665,246.26666666666665,0.0,0.0,0.0
Census Tract 3103,white,268.8333333333333,268.8333333333333,0.0,0.0,0.0
Census Tract 3105,white,258.23333333333335,258.23333333333335,0.0,0.0,0.0
Census Tract 5103,black,269.06666666666666,339.1333333333333,0.260406342913776,70.06666666666666,1.0
Census Tract 4914,black,121.26666666666667,121.26666666666667,0.0,0.0,0.0
Census Tract 5002,black,68.39999999999999,68.39999999999999,0.0,0.0,0.0
Census Tract 5302,black,189.0666666666667,189.0666666666667,0.0,0.0,0.0
Census Tract 7401,white,179.4333333333333,179.4333333333333,0.0,0.0,0.0
Census Tract 1405,white,213.20000000000002,242.76666666666665,0.13868042526579097,29.566666666666634,0.6666666666666666
Census Tract 1408,white,226.33333333333334,239.5333333333334,0.05832106038291625,13.200000000000045,0.3333333333333333
Census Tract 3011,white,188.63333333333333,188.63333333333333,0.0,0.0,0.0
Census Tract 1502,white,194.0666666666667,236.9333333333333,0.22088629336997567,42.86666666666662,0.6666666666666666
Census Tract 1503,white,182.19999999999996,210.33333333333334,0.1544090742773512,28.133333333333383,1.3333333333333333
Census Tract 3012,white,219.20000000000002,223.73333333333335,0.02068126520681264,4.533333333333331,0.3333333333333333
Census Tract 7404,white,61.53333333333333,61.53333333333333,0.0,0.0,0.0
Census Tract 204,white,216.6,221.79999999999998,0.024007386888273263,5.199999999999989,0.6666666666666666
Census Tract 6403,white,160.6,160.6,0.0,0.0,0.0
Census Tract 6406,white,153.80000000000004,153.80000000000004,0.0,0.0,0.0
Census Tract 718,white,328.3333333333333,333.1333333333333,0.014619289340101559,4.800000000000011,0.6666666666666666
Census Tract 1603,white,191.79999999999998,217.79999999999998,0.13555787278415016,26.0,0.3333333333333333
Census Tract 3107,white,208.23333333333335,208.23333333333335,0.0,0.0,0.0
Census Tract 715,white,441.56666666666666,481.6666666666667,0.09081301426738135,40.10000000000002,1.6666666666666667
Census Tract 717,white,416.1333333333334,434.9333333333334,0.045177827619352795,18.80000000000001,1.0
Census Tract 6712,black,214.03333333333333,214.03333333333333,0.0,0.0,0.0
Census Tract 6705,black,228.76666666666665,238.03333333333333,0.040507066880373074,9.26666666666668,1.3333333333333333
Census Tract 6706,black,235.63333333333335,236.4333333333333,0.003395105389729613,0.7999999999999545,0.3333333333333333
Census Tract 6707,black,252.5333333333334,253.33333333333334,0.0031678986272437475,0.7999999999999545,0.3333333333333333
Census Tract 6708,black,257.40000000000003,260.90000000000003,0.013597513597513596,3.5,0.3333333333333333
Census Tract 6709,black,237.96666666666667,237.96666666666667,0.0,0.0,0.0
Census Tract 6711,black,210.70000000000002,210.70000000000002,0.0,0.0,0.0
Census Tract 6713,black,238.5,238.5,0.0,0.0,0.0
Census Tract 6714,black,245.36666666666667,250.26666666666665,0.01997011275641887,4.899999999999977,0.6666666666666666
Census Tract 6715,black,214.4333333333333,214.4333333333333,0.0,0.0,0.0
Census Tract 6716,black,202.83333333333334,202.83333333333334,0.0,0.0,0.0
Census Tract 6701,black,258.6333333333334,258.6333333333334,0.0,0.0,0.0
Census Tract 2305,white,148.73333333333335,178.4,0.1994621246077991,29.666666666666657,1.0
Census Tract 2306,black,182.03333333333333,207.9333333333333,0.14228163340047598,25.899999999999977,0.6666666666666666
Census Tract 2406,white,260.5333333333333,304.7666666666667,0.16977993858751309,44.233333333333405,1.3333333333333333
Census Tract 2410,white,204.96666666666667,233.9333333333333,0.14132379248658306,28.96666666666664,0.6666666666666666
Census Tract 1910,white,221.70000000000002,277.93333333333334,0.25364606826041186,56.23333333333332,1.3333333333333333
Census Tract 803,white,316.3333333333333,327.6333333333333,0.03572181243414124,11.300000000000011,1.0
Census Tract 3008,white,172.69999999999996,172.69999999999996,0.0,0.0,0.0
Census Tract 6502,white,262.1333333333333,275.1333333333334,0.04959308240081405,13.000000000000057,1.0
Census Tract 6605,white,305.46666666666664,338.23333333333335,0.10726756874727209,32.76666666666671,1.3333333333333333
Census Tract 2214,white,318.3,324.46666666666664,0.0193737564142841,6.166666666666629,0.3333333333333333
Census Tract 1610,white,161.33333333333334,193.5666666666667,0.19979338842975214,32.23333333333335,0.6666666666666666
Census Tract 3406,white,182.66666666666666,182.66666666666666,0.0,0.0,0.0
Census Tract 2405,white,252.23333333333335,267.23333333333335,0.05946874587022598,15.0,1.0
Census Tract 2407,white,249.4,317.59999999999997,0.27345629510825964,68.19999999999996,1.3333333333333333
Census Tract 2408,white,250.0666666666667,296.3333333333333,0.1850173287123432,46.26666666666662,1.0
Census Tract 2409,white,142.16666666666666,154.36666666666667,0.08581477139507633,12.200000000000017,0.3333333333333333
Census Tract 2411,white,162.9333333333333,177.53333333333333,0.08960720130932912,14.600000000000023,0.6666666666666666
Census Tract 1903,white,228.16666666666666,246.23333333333335,0.0791818845872901,18.06666666666669,0.6666666666666666
Census Tract 1908,white,245.20000000000002,278.2333333333333,0.13471995649809654,33.033333333333275,1.3333333333333333
Census Tract 1909,white,177.73333333333335,209.43333333333337,0.17835708927231816,31.700000000000017,1.0
Census Tract 1911,white,254.26666666666665,290.90000000000003,0.144074462506555,36.63333333333338,1.6666666666666667
Census Tract 1912,white,277.43333333333334,304.6,0.0979214225639794,27.166666666666686,1.6666666666666667
Census Tract 801,white,330.2666666666667,338.56666666666666,0.025131207105369258,8.299999999999955,1.0
Census Tract 804,white,340.1666666666667,351.1666666666667,0.03233708966193043,11.0,1.0
Census Tract 810,white,289.76666666666665,291.40000000000003,0.005636719199355974,1.6333333333333826,0.3333333333333333
Census Tract 1506,white,172.0,186.4333333333333,0.0839147286821704,14.433333333333309,1.0
Census Tract 3016,white,199.00000000000003,199.00000000000003,0.0,0.0,0.0
Census Tract 205,white,214.76666666666665,278.6333333333333,0.29737699829272085,63.866666666666674,1.3333333333333333
Census Tract 7503,white,248.33333333333334,248.33333333333334,0.0,0.0,0.0
Census Tract 6408,white,251.33333333333334,251.33333333333334,0.0,0.0,0.3333333333333333
Census Tract 7501,black,133.73333333333332,134.33333333333334,0.00448654037886358,0.6000000000000227,0.3333333333333333
Census Tract 7402,white,197.83333333333334,197.83333333333334,0.0,0.0,0.0
Census Tract 6504,white,263.46666666666664,332.76666666666665,0.2630313765182187,69.30000000000001,0.6666666666666666
Census Tract 6505,white,405.7,512.1333333333333,0.26234491824829514,106.43333333333334,1.0
Census Tract 6606,white,162.76666666666665,180.5,0.10894941634241255,17.73333333333335,0.6666666666666666
Census Tract 2211,white,282.7,293.9,0.03961796957905903,11.199999999999989,0.6666666666666666
Census Tract 2213,white,288.5,295.76666666666665,0.025187752744078515,7.2666666666666515,0.3333333333333333
Census Tract 2215,white,346.93333333333334,353.8,0.019792467332820928,6.866666666666674,0.6666666666666666
Census Tract 201,white,201.36666666666667,201.36666666666667,0.0,0.0,0.0
Census Tract 2216,white,321.7,335.23333333333335,0.042068179463268136,13.53333333333336,1.0
Census Tract 1608,white,216.80000000000004,237.5666666666667,0.09578720787207863,20.76666666666665,0.3333333333333333
Census Tract 1609,white,222.43333333333337,251.36666666666665,0.13007642739397546,28.93333333333328,1.0
Census Tract 2228,white,249.76666666666665,278.2,0.11383958361137063,28.433333333333337,1.6666666666666667
Census Tract 1611,white,160.66666666666666,193.13333333333335,0.2020746887966807,32.4666666666667,1.0
Census Tract 1612,white,218.1,222.66666666666666,0.02093840745835242,4.566666666666663,0.3333333333333333
Census Tract 1613,white,216.0333333333333,226.96666666666667,0.05060947384662876,10.933333333333366,1.0
Census Tract 6501,white,239.46666666666667,250.26666666666665,0.04510022271714915,10.799999999999983,0.6666666666666666
Census Tract 3302,white,258.8666666666667,258.8666666666667,0.0,0.0,0.0
Census Tract 4206,black,269.7,291.53333333333336,0.08095414658262282,21.83333333333337,0.6666666666666666
Census Tract 4207,black,258.2,320.0,0.23934934159566232,61.80000000000001,0.6666666666666666
Census Tract 6610,white,281.03333333333336,311.2,0.10734195231882325,30.16666666666663,0.6666666666666666
Census Tract 101,white,118.0,118.0,0.0,0.0,0.0
Census Tract 2303,white,217.53333333333333,253.70000000000005,0.16625804474410075,36.166666666666714,1.6666666666666667
Census Tract 6404,white,175.0666666666667,175.0666666666667,0.0,0.0,0.0
Census Tract 6405,white,127.23333333333335,127.23333333333335,0.0,0.0,0.0
Census Tract 6407,white,198.46666666666667,198.46666666666667,0.0,0.0,0.0
Census Tract 1512,white,154.83333333333334,169.03333333333333,0.09171151776103328,14.199999999999989,0.6666666666666666
Census Tract 3108,white,214.26666666666665,214.26666666666665,0.0,0.0,0.0
Census Tract 6604,white,238.1333333333333,241.56666666666663,0.014417693169092962,3.433333333333337,0.6666666666666666
Census Tract 6704,black,247.4,312.26666666666665,0.262193478846672,64.86666666666665,1.0
Census Tract 3404,white,252.1,252.1,0.0,0.0,0.0
Census Tract 4208,black,261.43333333333334,320.7333333333334,0.22682646946321586,59.30000000000007,0.6666666666666666
Census Tract 4212,black,258.2,273.23333333333335,0.058223599277046324,15.03333333333336,0.3333333333333333
Census Tract 6611,white,318.1666666666667,395.6333333333334,0.2434782608695653,77.4666666666667,2.0
Census Tract 2225,white,242.03333333333333,266.4666666666667,0.10095028233025767,24.433333333333366,0.6666666666666666
Census Tract 1902,white,223.83333333333334,253.1,0.13075204765450477,29.26666666666665,1.0
Census Tract 3906,black,136.20000000000002,136.20000000000002,0.0,0.0,0.0
Census Tract 103,white,136.73333333333332,136.73333333333332,0.0,0.0,0.0
Census Tract 106,white,126.0,133.83333333333334,0.06216931216931224,7.833333333333343,0.3333333333333333
Census Tract 202,white,173.96666666666667,180.16666666666666,0.035639011304847604,6.199999999999989,0.6666666666666666
Census Tract 1508,white,222.03333333333333,242.13333333333335,0.09052694790571997,20.100000000000023,1.3333333333333333
Census Tract 1511,white,214.16666666666666,227.76666666666665,0.0635019455252918,13.599999999999994,1.0
Census Tract 2301,white,238.86666666666667,280.6333333333333,0.17485347474183638,41.76666666666665,2.0
Census Tract 1601,white,229.4,242.5333333333333,0.0572507991862829,13.133333333333297,0.3333333333333333
Census Tract 1602,white,192.53333333333333,205.66666666666666,0.06821329639889193,13.133333333333326,0.3333333333333333
Census Tract 1604,white,198.0666666666667,248.76666666666665,0.2559744193874114,50.69999999999996,1.0
Census Tract 3106,white,250.9333333333333,250.9333333333333,0.0,0.0,0.0
Census Tract 3109,white,199.79999999999995,199.79999999999995,0.0,0.0,0.0
Census Tract 3204,white,223.5333333333334,223.5333333333334,0.0,0.0,0.0
Census Tract 615,white,343.93333333333334,348.5333333333333,0.013374685016475962,4.599999999999966,0.3333333333333333
Census Tract 3206,white,257.6333333333334,257.6333333333334,0.0,0.0,0.0
Census Tract 7403,white,163.86666666666667,163.86666666666667,0.0,0.0,0.0
Census Tract 6607,black,262.7666666666667,268.1,0.02029684130407198,5.333333333333314,0.6666666666666666
Census Tract 2227,white,251.16666666666666,261.40000000000003,0.04074319840743216,10.233333333333377,0.6666666666666666
Census Tract 2212,white,285.73333333333335,293.0,0.025431637890807227,7.2666666666666515,0.3333333333333333
Census Tract 1607,white,265.1666666666667,306.6666666666667,0.15650534255185417,41.5,1.0
Census Tract 2222,white,306.23333333333335,351.96666666666664,0.1493414607597691,45.73333333333329,1.0
Census Tract 3405,white,251.0666666666667,251.0666666666667,0.0,0.0,0.0
Census Tract 3301,white,321.06666666666666,323.0,0.006021594684385394,1.9333333333333371,0.3333333333333333
Census Tract 3403,white,294.40000000000003,294.40000000000003,0.0,0.0,0.0
Census Tract 3504,white,323.3666666666667,323.3666666666667,0.0,0.0,0.0
Census Tract 7505,black,166.73333333333332,166.73333333333332,0.0,0.0,0.0
Census Tract 7504,white,217.5,217.5,0.0,0.0,0.0
Census Tract 7502,black,165.03333333333333,165.03333333333333,0.0,0.0,0.0
Census Tract 4302,black,169.76666666666668,169.76666666666668,0.0,0.0,0.0
Census Tract 6608,white,261.53333333333336,275.1333333333334,0.052001019627835925,13.600000000000023,1.0
Census Tract 6609,white,334.56666666666666,365.76666666666665,0.09325495666035664,31.19999999999999,0.6666666666666666
Census Tract 6702,black,270.3333333333333,299.1666666666667,0.10665844636251556,28.83333333333337,0.3333333333333333
Census Tract 6703,black,268.56666666666666,293.5,0.09283852550577139,24.933333333333337,0.3333333333333333
Census Tract 2226,white,236.76666666666665,254.4333333333333,0.0746163592848092,17.666666666666657,0.6666666666666666
Census Tract 2304,white,157.23333333333332,208.03333333333333,0.3230867076531695,50.80000000000001,1.6666666666666667
Census Tract 1704,white,318.59999999999997,331.56666666666666,0.04069889098137695,12.966666666666697,1.3333333333333333
Census Tract 3807,black,142.1,142.1,0.0,0.0,0.0
Census Tract 3819,black,77.2,77.2,0.0,0.0,0.0
Census Tract 3902,black,174.46666666666667,174.46666666666667,0.0,0.0,0.0
Census Tract 1710,white,154.16666666666666,154.16666666666666,0.0,0.0,0.0
Census Tract 1801,white,274.53333333333336,289.2,0.05342399222923735,14.666666666666629,1.0
Census Tract 3903,black,153.56666666666666,153.56666666666666,0.0,0.0,0.0
Census Tract 4003,black,192.69999999999996,192.69999999999996,0.0,0.0,0.0
Census Tract 4004,black,222.86666666666667,222.86666666666667,0.0,0.0,0.0
Census Tract 4005,black,211.80000000000004,211.80000000000004,0.0,0.0,0.0
Census Tract 4008,black,249.9,253.10000000000002,0.012805122048819596,3.200000000000017,0.3333333333333333
Census Tract 4403,black,189.5333333333333,205.6,0.08476960956735857,16.06666666666669,0.3333333333333333
Census Tract 4407,black,242.20000000000002,242.20000000000002,0.0,0.0,0.0
Census Tract 4308,black,126.13333333333333,126.13333333333333,0.0,0.0,0.0
Census Tract 6718,black,238.73333333333335,240.13333333333333,0.005864283719631293,1.3999999999999773,0.3333333333333333
Census Tract 6805,black,258.0333333333333,258.0333333333333,0.0,0.0,0.0
Census Tract 6811,black,194.9,194.9,0.0,0.0,0.0
Census Tract 2001,white,149.29999999999998,160.03333333333333,0.07189104710872973,10.733333333333348,0.3333333333333333
Census Tract 4102,black,134.79999999999998,134.79999999999998,0.0,0.0,0.0
Census Tract 6806,black,230.63333333333335,230.63333333333335,0.0,0.0,0.0
Census Tract 1706,white,222.30000000000004,222.30000000000004,0.0,0.0,0.0
Census Tract 3805,white,155.26666666666668,155.26666666666668,0.0,0.0,0.0
Census Tract 3817,white,205.86666666666667,205.86666666666667,0.0,0.0,0.0
Census Tract 4303,black,173.1,173.33333333333334,0.001347968419025699,0.2333333333333485,0.3333333333333333
Census Tract 4309,black,113.2,117.83333333333333,0.04093050647820959,4.633333333333326,0.3333333333333333
Census Tract 4312,black,124.39999999999999,124.39999999999999,0.0,0.0,0.0
Census Tract 2308,black,202.5666666666667,227.19999999999996,0.12160605561954879,24.63333333333327,1.0
Census Tract 2311,black,163.4333333333333,175.70000000000002,0.07505608810932109,12.266666666666708,0.6666666666666666
Census Tract 1709,white,268.06666666666666,285.5,0.06503357373787616,17.433333333333337,1.3333333333333333
Census Tract 2101,white,297.8333333333333,328.7,0.10363738108561839,30.866666666666674,1.0
Census Tract 4202,black,159.20000000000002,159.20000000000002,0.0,0.0,0.0
Census Tract 4203,black,187.5,187.5,0.0,0.0,0.0
Census Tract 4406,black,298.0,298.0,0.0,0.0,0.0
Census Tract 4408,black,248.69999999999996,248.69999999999996,0.0,0.0,0.0
Census Tract 4409,black,256.53333333333336,256.53333333333336,0.0,0.0,0.0
Census Tract 5604,white,298.8666666666666,315.90000000000003,0.056993084987731715,17.033333333333417,1.3333333333333333
Census Tract 4503,black,178.03333333333333,178.03333333333333,0.0,0.0,0.0
Census Tract 6719,black,230.83333333333334,238.89999999999998,0.03494584837545112,8.066666666666634,0.3333333333333333
Census Tract 6720,black,248.03333333333333,252.5666666666667,0.018277113291224403,4.53333333333336,0.3333333333333333
Census Tract 6809,black,166.29999999999998,166.29999999999998,0.0,0.0,0.0
Census Tract 6810,black,200.53333333333333,200.53333333333333,0.0,0.0,0.0
Census Tract 2402,white,269.6666666666667,273.06666666666666,0.012608158220024637,3.3999999999999773,0.3333333333333333
Census Tract 2403,white,282.9666666666667,286.3666666666666,0.012015549534691672,3.3999999999999204,0.3333333333333333
Census Tract 2002,white,123.66666666666667,136.63333333333333,0.10485175202156324,12.966666666666654,0.3333333333333333
Census Tract 4105,black,132.46666666666667,132.46666666666667,0.0,0.0,0.0
Census Tract 4106,black,154.0,154.0,0.0,0.0,0.0
Census Tract 1701,white,214.86666666666667,255.1,0.18724790567793975,40.23333333333332,2.3333333333333335
Census Tract 1702,white,166.5666666666667,176.79999999999998,0.061436862117270105,10.233333333333292,1.0
Census Tract 1703,white,315.56666666666666,347.3333333333333,0.10066546952572088,31.76666666666665,1.6666666666666667
Census Tract 3818,black,91.63333333333333,91.63333333333333,0.0,0.0,0.0
Census Tract 1705,white,230.13333333333333,230.13333333333333,0.0,0.0,0.0
Census Tract 3514,black,189.4333333333333,189.4333333333333,0.0,0.0,0.0
Census Tract 3812,black,92.10000000000001,92.10000000000001,0.0,0.0,0.0
Census Tract 3814,black,211.30000000000004,211.30000000000004,0.0,0.0,0.0
Census Tract 3901,black,265.93333333333334,265.93333333333334,0.0,0.0,0.0
Census Tract 4304,black,150.36666666666667,150.6,0.001551762358678697,0.23333333333332007,0.3333333333333333
Census Tract 4305,black,146.76666666666668,146.76666666666668,0.0,0.0,0.0
Census Tract 4306,black,220.73333333333335,220.73333333333335,0.0,0.0,0.0
Census Tract 2307,black,166.86666666666667,188.80000000000004,0.13144226927686795,21.933333333333366,1.0
Census Tract 2309,black,187.5666666666667,207.4666666666667,0.10609561044961793,19.900000000000006,0.6666666666666666
Census Tract 2312,black,152.43333333333334,164.63333333333335,0.08003498797288443,12.200000000000017,0.3333333333333333
Census Tract 1707,white,303.06666666666666,313.3,0.0337659480862297,10.233333333333348,0.6666666666666666
Census Tract 1708,white,377.2333333333333,405.8,0.0757267827162677,28.56666666666672,2.0
Census Tract 1711,white,251.9333333333333,291.6333333333333,0.15758137073299824,39.70000000000002,2.0
Census Tract 1901,white,191.5333333333333,204.66666666666666,0.06856943961016371,13.133333333333354,0.6666666666666666
Census Tract 2422,white,170.70000000000002,180.9,0.05975395430579958,10.199999999999989,0.3333333333333333
Census Tract 2003,white,197.73333333333335,237.79999999999998,0.20262980445043813,40.066666666666634,1.3333333333333333
Census Tract 2104,white,232.46666666666667,299.56666666666666,0.2886435331230284,67.1,1.3333333333333333
Census Tract 2203,white,276.6333333333333,291.2666666666667,0.052897939510784614,14.633333333333383,0.6666666666666666
Census Tract 2107,white,288.09999999999997,309.26666666666665,0.07346986000231409,21.166666666666686,1.6666666666666667
Census Tract 2108,white,320.0333333333333,339.2,0.05988959483387154,19.166666666666686,0.6666666666666666
Census Tract 2109,white,310.3333333333333,339.2666666666667,0.09323308270676711,28.933333333333394,1.3333333333333333
Census Tract 4201,black,179.10000000000002,179.10000000000002,0.0,0.0,0.0
Census Tract 4204,black,214.66666666666666,214.66666666666666,0.0,0.0,0.0
Census Tract 4205,black,226.79999999999995,260.73333333333335,0.14961787184009437,33.933333333333394,0.3333333333333333
Census Tract 6913,black,301.33333333333337,306.23333333333335,0.016261061946902577,4.899999999999977,1.0
Census Tract 317,white,124.0,128.66666666666666,0.03763440860215046,4.666666666666657,0.3333333333333333
Census Tract 4701,black,284.2,284.2,0.0,0.0,0.0
Census Tract 4801,black,99.36666666666667,99.36666666666667,0.0,0.0,0.0
Census Tract 6910,black,219.0333333333333,219.0333333333333,0.0,0.0,0.0
Census Tract 2423,white,163.73333333333332,165.86666666666667,0.013029315960912181,2.133333333333354,0.3333333333333333
Census Tract 4111,black,105.66666666666664,105.66666666666664,0.0,0.0,0.0
Census Tract 4604,black,136.53333333333333,136.53333333333333,0.0,0.0,0.0
Census Tract 6812,black,163.86666666666667,163.86666666666667,0.0,0.0,0.0
Census Tract 6905,black,237.73333333333335,239.23333333333335,0.006309590577678071,1.5,0.3333333333333333
Census Tract 2414,white,228.60000000000002,241.33333333333334,0.05570137066200052,12.73333333333332,0.6666666666666666
Census Tract 2415,white,246.0333333333334,252.4,0.025877252404822988,6.366666666666617,0.3333333333333333
Census Tract 2416,white,220.5666666666667,255.5,0.15837993048209145,34.93333333333331,0.6666666666666666
Census Tract 2420,white,204.5,204.5,0.0,0.0,0.0
Census Tract 2433,white,192.6,195.76666666666665,0.016441675320179944,3.166666666666657,0.3333333333333333
Census Tract 4912,black,126.2,129.86666666666667,0.02905441098785001,3.6666666666666714,0.3333333333333333
Census Tract 4803,black,220.69999999999996,220.69999999999996,0.0,0.0,0.0
Census Tract 7108,black,273.43333333333334,283.76666666666665,0.037791052054126466,10.333333333333314,0.6666666666666666
Census Tract 7113,black,332.8333333333333,354.2,0.06419629444166253,21.366666666666674,0.6666666666666666
Census Tract 102.02,white,184.4333333333333,197.4,0.0703054400867524,12.966666666666697,0.3333333333333333
Census Tract 4802,black,232.5,232.5,0.0,0.0,0.0
Census Tract 4804,black,159.36666666666665,159.36666666666665,0.0,0.0,0.0
Census Tract 4805,black,157.26666666666668,157.26666666666668,0.0,0.0,0.0
Census Tract 2412,white,213.23333333333335,217.26666666666665,0.018915116460840875,4.033333333333303,0.3333333333333333
Census Tract 6911,black,191.0,191.0,0.0,0.0,0.0
Census Tract 6912,black,223.29999999999998,223.5,0.0008956560680699376,0.20000000000001705,0.3333333333333333
Census Tract 6914,black,191.73333333333335,200.4,0.04520166898470092,8.666666666666657,0.3333333333333333
Census Tract 512,white,327.2666666666667,337.53333333333336,0.03137095131391317,10.266666666666652,1.0
Census Tract 6915,black,144.83333333333334,158.23333333333332,0.09252013808975817,13.399999999999977,0.6666666666666666
Census Tract 7001,black,289.63333333333327,319.8,0.1041546783289219,30.166666666666742,0.6666666666666666
Census Tract 4107,black,158.03333333333333,158.03333333333333,0.0,0.0,0.0
Census Tract 4108,black,123.73333333333333,123.73333333333333,0.0,0.0,0.0
Census Tract 4112,black,123.56666666666666,123.56666666666666,0.0,0.0,0.0
Census Tract 5306,black,195.53333333333333,195.53333333333333,0.0,0.0,0.0
Census Tract 4601,black,234.66666666666666,234.66666666666666,0.0,0.0,0.0
Census Tract 4602,black,229.0666666666667,229.0666666666667,0.0,0.0,0.0
Census Tract 4605,black,136.73333333333335,136.73333333333335,0.0,0.0,0.0
Census Tract 4606,black,107.60000000000001,107.60000000000001,0.0,0.0,0.0
Census Tract 4607,black,195.56666666666663,195.56666666666663,0.0,0.0,0.0
Census Tract 2413,white,254.5666666666667,280.2,0.10069398978656526,25.633333333333297,1.3333333333333333
Census Tract 4610,black,147.53333333333333,147.53333333333333,0.0,0.0,0.0
Census Tract 6813,black,243.69999999999996,243.69999999999996,0.0,0.0,0.0
Census Tract 6814,black,261.40000000000003,261.40000000000003,0.0,0.0,0.0
Census Tract 601,white,167.53333333333333,167.53333333333333,0.0,0.0,0.0
Census Tract 6903,black,152.76666666666668,152.76666666666668,0.0,0.0,0.0
Census Tract 6904,black,279.06666666666666,297.93333333333334,0.06760630673674155,18.866666666666674,1.3333333333333333
Census Tract 6909,black,215.63333333333333,218.96666666666667,0.015458339774308284,3.333333333333343,0.3333333333333333
Census Tract 602,white,143.4,148.0666666666667,0.03254300325430046,4.666666666666686,0.3333333333333333
Census Tract 2421,white,183.93333333333337,195.73333333333335,0.06415367886915539,11.799999999999983,0.3333333333333333
Census Tract 2431,white,182.69999999999996,185.86666666666665,0.0173326035395002,3.1666666666666856,0.3333333333333333
Census Tract 2432,white,186.0333333333333,187.5,0.007883891775667607,1.466666666666697,0.3333333333333333
Census Tract 6116,white,256.09999999999997,287.76666666666665,0.12364961603540293,31.666666666666686,0.6666666666666666
Census Tract 2434,white,208.13333333333335,208.13333333333335,0.0,0.0,0.0
Census Tract 2435,white,216.9,216.9,0.0,0.0,0.0
Census Tract 7111,black,320.76666666666665,342.5666666666666,0.06796217395822494,21.799999999999955,1.0
Census Tract 2502,white,256.6666666666667,315.26666666666665,0.22831168831168816,58.599999999999966,2.3333333333333335
Census Tract 4910,black,155.46666666666667,155.46666666666667,0.0,0.0,0.0
Census Tract 4911,black,165.96666666666667,165.96666666666667,0.0,0.0,0.0
Census Tract 7101,black,235.19999999999996,259.90000000000003,0.10501700680272143,24.700000000000074,0.3333333333333333
Census Tract 5101,black,196.46666666666667,196.46666666666667,0.0,0.0,0.0
Census Tract 5102,black,225.63333333333333,225.63333333333333,0.0,0.0,0.0
Census Tract 7103,black,257.63333333333327,272.8333333333333,0.058998576788718005,15.200000000000045,0.6666666666666666
Census Tract 5202,black,217.29999999999998,217.29999999999998,0.0,0.0,0.0
Census Tract 7109,black,257.59999999999997,281.6333333333333,0.09329710144927547,24.03333333333336,0.6666666666666666
Census Tract 7110,black,298.1666666666667,312.93333333333334,0.04952487423141414,14.766666666666652,1.0
Census Tract 7112,black,314.03333333333336,321.6333333333333,0.024201252520963695,7.599999999999966,0.3333333333333333
Census Tract 7114,black,297.93333333333334,301.93333333333334,0.013425822331617812,4.0,0.3333333333333333
Census Tract 7106,black,292.23333333333335,317.8333333333333,0.08760123189232337,25.599999999999966,0.6666666666666666
Census Tract 619.02,white,292.46666666666664,515.3333333333334,0.762024162297698,222.86666666666673,1.6666666666666667
Census Tract 302,white,135.00000000000003,135.00000000000003,0.0,0.0,0.0
Census Tract 303,white,157.03333333333333,157.03333333333333,0.0,0.0,0.0
Census Tract 304,white,198.86666666666667,203.53333333333333,0.023466309084813897,4.666666666666657,0.6666666666666666
Census Tract 305,white,193.1,196.96666666666667,0.02002416709822203,3.8666666666666742,0.6666666666666666
Census Tract 308,white,177.79999999999998,182.5333333333333,0.026621672290963558,4.73333333333332,0.3333333333333333
Census Tract 2424,white,148.63333333333333,150.76666666666668,0.014352993944830821,2.133333333333354,0.3333333333333333
Census Tract 2425,white,179.36666666666667,192.4,0.07266307377810814,13.033333333333331,0.6666666666666666
Census Tract 2426,white,179.23333333333332,192.26666666666665,0.07271712851032174,13.033333333333331,0.6666666666666666
Census Tract 2427,white,123.56666666666668,143.7,0.16293498786080368,20.13333333333331,0.6666666666666666
Census Tract 2428,black,165.73333333333335,168.9,0.01910699919549471,3.166666666666657,0.3333333333333333
Census Tract 2429,black,175.76666666666665,181.03333333333333,0.029963967380997613,5.26666666666668,0.3333333333333333
Census Tract 2430,black,188.9333333333333,192.1,0.016760762173606312,3.1666666666666856,0.3333333333333333
Census Tract 2204,white,272.5333333333333,287.1666666666667,0.05369373776908042,14.633333333333383,0.6666666666666666
Census Tract 2205,white,291.46666666666664,307.0,0.05329368709972562,15.53333333333336,0.3333333333333333
Census Tract 318,white,117.7,126.23333333333333,0.07250070801472669,8.533333333333331,0.3333333333333333
Census Tract 2210,white,266.1666666666667,292.8333333333333,0.10018785222291782,26.66666666666663,1.6666666666666667
Census Tract 319,white,124.63333333333333,124.63333333333333,0.0,0.0,0.0
Census Tract 5205,black,254.1,254.1,0.0,0.0,0.0
Census Tract 7205,white,193.73333333333335,193.73333333333335,0.0,0.0,0.0
Census Tract 4903,black,215.76666666666665,215.76666666666665,0.0,0.0,0.0
Census Tract 4904,black,225.1,225.1,0.0,0.0,0.0
Census Tract 3501,white,265.43333333333334,267.3666666666666,0.00728368705261816,1.9333333333332803,0.3333333333333333
Census Tract 3511,black,210.66666666666666,210.66666666666666,0.0,0.0,0.0
Census Tract 2512,black,283.8333333333333,340.23333333333335,0.19870816206694084,56.400000000000034,1.6666666666666667
Census Tract 5701,white,270.4666666666667,270.4666666666667,0.0,0.0,0.3333333333333333
Census Tract 309,white,163.5,178.63333333333333,0.09255861365953104,15.133333333333326,0.3333333333333333
Census Tract 2506,black,356.9666666666667,419.06666666666666,0.17396582313941533,62.099999999999966,1.6666666666666667
Census Tract 5601,white,307.90000000000003,457.9666666666667,0.4873876799826783,150.06666666666666,1.0
Census Tract 321,white,166.66666666666666,185.26666666666665,0.11159999999999998,18.599999999999994,1.0
Census Tract 4905,black,174.66666666666666,174.66666666666666,0.0,0.0,0.0
Census Tract 4906,black,226.16666666666666,226.16666666666666,0.0,0.0,0.0
Census Tract 4907,black,189.03333333333333,189.03333333333333,0.0,0.0,0.0
Census Tract 4908,black,139.86666666666667,139.86666666666667,0.0,0.0,0.0
Census Tract 7002,black,277.06666666666666,314.90000000000003,0.13654956689124173,37.83333333333337,0.6666666666666666
Census Tract 7102,black,246.26666666666665,246.26666666666665,0.0,0.0,0.0
Census Tract 7104,black,261.6666666666667,321.5333333333333,0.22878980891719725,59.86666666666662,0.6666666666666666
Census Tract 7105,black,244.5333333333333,304.40000000000003,0.24482006543075274,59.86666666666673,0.6666666666666666
Census Tract 7107,black,279.8,294.2,0.05146533238027154,14.399999999999977,0.6666666666666666
Census Tract 2510,black,207.46666666666667,282.06666666666666,0.35957583547557836,74.6,2.3333333333333335
Census Tract 2804,black,245.4666666666667,246.20000000000002,0.0029875067897881043,0.7333333333333201,0.3333333333333333
Census Tract 3201,white,258.06666666666666,258.06666666666666,0.0,0.0,0.0
Census Tract 5808,white,218.5333333333334,263.76666666666665,0.20698596705308078,45.23333333333326,2.0
Census Tract 3510,white,272.56666666666666,274.50000000000006,0.007093065916595551,1.933333333333394,0.3333333333333333
Census Tract 3602,black,207.53333333333333,207.53333333333333,0.0,0.0,0.0
Census Tract 3801,black,174.63333333333333,174.63333333333333,0.0,0.0,0.0
Census Tract 2315,black,143.23333333333332,143.23333333333332,0.0,0.0,0.0
Census Tract 2511,black,241.80000000000004,296.7333333333333,0.22718500137854938,54.93333333333325,1.6666666666666667
Census Tract 5502,white,271.3,271.3,0.0,0.0,0.0
Census Tract 5608,white,210.70000000000002,210.70000000000002,0.0,0.0,0.0
Census Tract 5609,white,298.23333333333335,298.23333333333335,0.0,0.0,0.0
Census Tract 5003,black,159.93333333333334,159.93333333333334,0.0,0.0,0.0
Census Tract 5610,white,252.70000000000002,252.70000000000002,0.0,0.0,0.0
Census Tract 5611,white,159.76666666666665,159.76666666666665,0.0,0.0,0.0
Census Tract 5702,white,300.46666666666664,300.46666666666664,0.0,0.0,0.3333333333333333
Census Tract 7304,black,224.9333333333333,240.16666666666666,0.06772377000592776,15.233333333333348,0.3333333333333333
Census Tract 7305,black,236.5666666666667,236.5666666666667,0.0,0.0,0.0
Census Tract 7306,black,205.66666666666666,206.26666666666665,0.002917341977309535,0.5999999999999943,0.3333333333333333
Census Tract 7307,black,171.83333333333334,172.4333333333333,0.0034917555771094037,0.5999999999999659,0.3333333333333333
Census Tract 2503,white,308.56666666666666,342.0666666666666,0.10856649022361438,33.49999999999994,1.6666666666666667
Census Tract 2504,white,336.1,392.8666666666666,0.16889814539323592,56.766666666666595,2.0
Census Tract 2505,white,383.8333333333333,388.3,0.011636995223621443,4.466666666666697,0.3333333333333333
Census Tract 2507,black,310.56666666666666,376.8666666666666,0.21348073414189103,66.29999999999995,2.3333333333333335
Census Tract 2508,black,247.73333333333332,313.59999999999997,0.2658772874058126,65.86666666666665,2.3333333333333335
Census Tract 5203,black,255.5666666666667,255.5666666666667,0.0,0.0,0.0
Census Tract 5206,black,263.1666666666667,263.1666666666667,0.0,0.0,0.0
Census Tract 5602,white,343.6666666666667,469.26666666666665,0.3654704170708049,125.59999999999997,1.3333333333333333
Census Tract 5603,white,316.6333333333334,343.3999999999999,0.08453521423307675,26.766666666666538,1.3333333333333333
Census Tract 5607,white,243.46666666666667,260.8666666666666,0.07146768893756825,17.39999999999995,0.6666666666666666
Census Tract 7115,black,278.5,279.7,0.0043087971274685406,1.1999999999999886,0.3333333333333333
Census Tract 7206,black,211.43333333333337,211.43333333333337,0.0,0.0,0.0
Census Tract 310,white,111.09999999999998,116.56666666666666,0.04920492049204936,5.466666666666683,0.3333333333333333
Census Tract 5803,white,315.3333333333333,367.20000000000005,0.16448202959830888,51.86666666666673,1.0
Census Tract 505,white,211.9,217.63333333333335,0.027056787792984184,5.7333333333333485,0.3333333333333333
Census Tract 508,white,311.06666666666666,322.6,0.03707672524646387,11.53333333333336,0.6666666666666666
Census Tract 510,white,345.0,360.5,0.04492753623188406,15.5,0.6666666666666666
Census Tract 514,white,355.0333333333333,419.6333333333334,0.18195474603323655,64.60000000000008,3.3333333333333335
Census Tract 819,white,261.8333333333333,261.8333333333333,0.0,0.0,0.0
Census Tract 2520,black,264.56666666666666,264.56666666666666,0.0,0.0,0.0
Census Tract 2603,black,210.66666666666666,219.19999999999996,0.040506329113923906,8.533333333333303,0.6666666666666666
Census Tract 403,white,182.0666666666667,205.23333333333335,0.12724276821677036,23.166666666666657,0.3333333333333333
Census Tract 408,white,220.19999999999996,224.5666666666667,0.01983045716015773,4.366666666666731,1.0
Census Tract 501,white,178.6,178.6,0.0,0.0,0.0
Census Tract 502,white,213.33333333333334,219.0666666666667,0.02687500000000007,5.7333333333333485,0.3333333333333333
Census Tract 503,white,238.20000000000002,249.36666666666667,0.04687937307584658,11.166666666666657,1.3333333333333333
Census Tract 3802,black,204.6,204.6,0.0,0.0,0.0
Census Tract 6004,white,299.6333333333334,299.6333333333334,0.0,0.0,0.0
Census Tract 815,white,243.20000000000002,244.83333333333334,0.0067160087719297925,1.6333333333333258,0.3333333333333333
Census Tract 7201,black,404.1666666666667,404.1666666666667,0.0,0.0,0.0
Census Tract 7202,black,250.63333333333335,250.63333333333335,0.0,0.0,0.0
Census Tract 7203,black,231.86666666666667,231.86666666666667,0.0,0.0,0.0
Census Tract 7207,black,194.63333333333335,194.63333333333335,0.0,0.0,0.0
Census Tract 7301,black,264.96666666666664,270.23333333333335,0.019876714052082183,5.266666666666708,0.6666666666666666
Census Tract 7303,black,305.13333333333327,326.49999999999994,0.07002403320952592,21.366666666666674,0.6666666666666666
Census Tract 311,white,154.56666666666666,161.66666666666666,0.045934871684278594,7.099999999999994,0.3333333333333333
Census Tract 312,white,161.46666666666667,182.26666666666665,0.12881915772089172,20.799999999999983,0.6666666666666666
Census Tract 313,white,190.6,235.20000000000002,0.23399790136411344,44.60000000000002,1.0
Census Tract 314,white,194.66666666666666,210.0333333333333,0.07893835616438345,15.366666666666646,0.3333333333333333
Census Tract 5705,white,219.96666666666667,265.09999999999997,0.20518260342476116,45.1333333333333,1.3333333333333333
Census Tract 5801,white,281.5,314.2,0.11616341030195378,32.69999999999999,0.3333333333333333
Census Tract 5802,white,280.40000000000003,325.09999999999997,0.15941512125534923,44.69999999999993,0.3333333333333333
Census Tract 603,white,221.16666666666666,244.9,0.1073097211755841,23.73333333333335,1.0
Census Tract 5804,white,226.16666666666666,229.29999999999995,0.013854089904200284,3.1333333333332973,0.6666666666666666
Census Tract 5806,white,242.5333333333333,242.5333333333333,0.0,0.0,0.3333333333333333
Census Tract 5303,black,204.9333333333333,204.9333333333333,0.0,0.0,0.0
Census Tract 513,white,347.0666666666666,376.59999999999997,0.08509412216673079,29.53333333333336,1.6666666666666667
Census Tract 5001,black,240.23333333333332,240.23333333333332,0.0,0.0,0.0
Census Tract 506,white,181.13333333333333,186.86666666666665,0.03165255796834737,5.73333333333332,0.3333333333333333
Census Tract 507,white,296.2666666666667,305.1,0.02981548154815475,8.833333333333314,0.6666666666666666
Census Tract 509,white,307.2333333333333,318.76666666666665,0.03753932949983735,11.53333333333336,0.6666666666666666
Census Tract 511,white,328.0,356.09999999999997,0.08567073170731697,28.099999999999966,1.0
Census Tract 818,white,261.59999999999997,261.59999999999997,0.0,0.0,0.0
Census Tract 901,white,89.63333333333333,90.53333333333335,0.010040907400520863,0.9000000000000199,0.3333333333333333
Census Tract 902,white,152.33333333333334,152.33333333333334,0.0,0.0,0.0
Census Tract 903,white,193.13333333333335,193.13333333333335,0.0,0.0,0.0
Census Tract 1001,white,318.3,336.40000000000003,0.05686459315111537,18.100000000000023,0.6666666666666666
Census Tract 2602,black,181.63333333333333,183.5333333333333,0.010460634978895085,1.8999999999999773,0.6666666666666666
Census Tract 1002,white,371.6333333333334,371.6333333333334,0.0,0.0,0.0
Census Tract 2601,black,200.03333333333333,221.66666666666666,0.10814864189301779,21.633333333333326,0.6666666666666666
Census Tract 624,white,295.6333333333334,309.1333333333334,0.045664674709662866,13.5,0.6666666666666666
Census Tract 4913,black,138.70000000000002,138.70000000000002,0.0,0.0,0.0
Census Tract 7204,white,166.0,166.0,0.0,0.0,0.0
Census Tract 5304,black,378.5,416.2666666666667,0.09977983267283146,37.76666666666671,1.6666666666666667
Census Tract 634,white,293.9666666666667,314.7,0.07052953849642801,20.73333333333329,1.3333333333333333
Census Tract 7506,black,123.83333333333333,124.43333333333335,0.004845222072678515,0.6000000000000227,0.3333333333333333
Census Tract 401,white,168.4,170.0666666666667,0.009897070467141838,1.6666666666666856,0.3333333333333333
Census Tract 406,white,136.26666666666668,136.26666666666668,0.0,0.0,0.0
Census Tract 407,white,211.0666666666667,220.6,0.0451674036639291,9.533333333333303,0.6666666666666666
Census Tract 409,white,202.80000000000004,209.83333333333334,0.034681130834976835,7.033333333333303,0.3333333333333333
Census Tract 816,white,235.9333333333333,237.5666666666667,0.006922859564849037,1.6333333333333826,0.3333333333333333
Census Tract 817,white,229.26666666666665,230.9,0.00712416400116322,1.6333333333333542,0.3333333333333333
Census Tract 2513,black,263.8666666666666,309.23333333333335,0.17193026781202655,45.36666666666673,1.6666666666666667
Census Tract 2514,black,324.7666666666667,360.2666666666666,0.10930924766498988,35.499999999999886,1.6666666666666667
Census Tract 2515,black,288.7,344.59999999999997,0.1936266020090058,55.89999999999998,2.0
Census Tract 2519,black,261.9666666666667,266.5,0.017305000636213142,4.533333333333303,0.3333333333333333
Census Tract 2607,black,174.4333333333333,174.4333333333333,0.0,0.0,0.0
Census Tract 6009,white,300.5,300.5,0.0,0.0,0.0
Census Tract 6112,white,277.56666666666666,309.1333333333334,0.11372643208838737,31.56666666666672,0.6666666666666666
Census Tract 628,white,353.2,370.9666666666667,0.050302000755002005,17.76666666666671,1.0
Census Tract 629,white,360.8999999999999,380.8666666666666,0.055324651334626496,19.966666666666697,1.3333333333333333
Census Tract 630,white,363.4666666666667,383.3333333333333,0.054658840792369635,19.866666666666617,1.0
Census Tract 631,white,280.40000000000003,301.59999999999997,0.07560627674750331,21.199999999999932,1.0
Census Tract 632,white,426.3,532.6333333333333,0.24943310657596368,106.33333333333331,1.6666666666666667
Census Tract 1102,white,297.56666666666666,354.1000000000001,0.1899854374369892,56.53333333333342,0.6666666666666666
Census Tract 2516,black,272.76666666666665,329.43333333333334,0.20774776976658935,56.666666666666686,2.0
Census Tract 2517,black,258.4,306.9333333333334,0.18782249742002097,48.53333333333342,1.0
Census Tract 2518,black,248.96666666666667,281.59999999999997,0.13107511045655362,32.6333333333333,1.6666666666666667
Census Tract 5703,white,229.36666666666665,261.23333333333335,0.13893329457927645,31.866666666666703,1.3333333333333333
Census Tract 5704,white,146.26666666666665,173.66666666666666,0.18732907930720152,27.400000000000006,0.6666666666666666
Census Tract 1006,white,268.09999999999997,268.09999999999997,0.0,0.0,0.0
Census Tract 622,white,313.73333333333335,331.46666666666664,0.056523586910327106,17.73333333333329,1.0
Census Tract 1007,white,323.1333333333334,325.40000000000003,0.007014648236022234,2.2666666666666515,0.3333333333333333
Census Tract 2610,black,204.33333333333334,205.1,0.003752039151712813,0.7666666666666515,0.3333333333333333
Census Tract 626,white,337.7,366.9666666666667,0.08666469252788483,29.26666666666671,1.0
Census Tract 1101,white,309.5,344.7333333333333,0.11383952611739351,35.23333333333329,0.6666666666666666
Census Tract 2609,black,214.36666666666667,214.36666666666667,0.0,0.0,0.0
Census Tract 2705,black,146.20000000000002,146.20000000000002,0.0,0.0,0.0
Census Tract 5201,black,243.0333333333333,243.0333333333333,0.0,0.0,0.0
Census Tract 6114,white,257.8333333333333,285.40000000000003,0.10691661279896596,27.56666666666672,0.6666666666666666
Census Tract 6103,white,306.50000000000006,317.3,0.03523654159869479,10.799999999999955,0.6666666666666666
Census Tract 6108,white,173.23333333333335,173.23333333333335,0.0,0.0,0.0
Census Tract 6110,white,229.03333333333333,229.03333333333333,0.0,0.0,0.0
Census Tract 627,white,333.8333333333333,361.23333333333335,0.08207688467299062,27.400000000000034,1.0
Census Tract 1203,white,272.6666666666667,274.7,0.0074572127139363184,2.033333333333303,0.3333333333333333
Census Tract 2718,black,77.56666666666666,77.56666666666666,0.0,0.0,0.0
Census Tract 5204,black,213.6,213.6,0.0,0.0,0.0
Census Tract 2605,black,249.16666666666666,249.16666666666666,0.0,0.0,0.0
Census Tract 2606,black,193.26666666666665,197.76666666666665,0.023283890996895484,4.5,0.3333333333333333
Census Tract 5807,white,287.23333333333335,297.6333333333334,0.036207496808634214,10.400000000000034,1.0
Census Tract 612,white,221.33333333333334,224.9,0.016114457831325285,3.566666666666663,0.3333333333333333
Census Tract 5905,white,316.43333333333334,316.43333333333334,0.0,0.0,0.0
Census Tract 5906,white,339.3,339.3,0.0,0.0,0.0
Census Tract 5907,white,328.2,328.2,0.0,0.0,0.0
Census Tract 6006,white,298.26666666666665,303.6666666666667,0.018104604380867348,5.400000000000034,0.3333333333333333
Census Tract 6007,white,313.26666666666665,318.6666666666667,0.017237710151096087,5.400000000000034,0.3333333333333333
Census Tract 604,white,217.9,228.56666666666663,0.048952118708887694,10.666666666666629,0.6666666666666666
Census Tract 605,white,174.53333333333333,237.0333333333334,0.35809778456837316,62.50000000000006,1.6666666666666667
Census Tract 609,white,371.6333333333334,427.3333333333334,0.14987891290698727,55.700000000000045,1.6666666666666667
Census Tract 610,white,239.73333333333335,252.5333333333333,0.05339265850945476,12.799999999999955,0.6666666666666666
Census Tract 620,white,412.3666666666666,431.6666666666667,0.04680300703257636,19.300000000000068,1.6666666666666667
Census Tract 621,white,373.9666666666667,398.8333333333333,0.06649433995899799,24.866666666666617,1.6666666666666667
Census Tract 2604,black,224.69999999999996,232.66666666666666,0.03545468031449354,7.966666666666697,1.0
Census Tract 2608,black,151.13333333333335,151.13333333333335,0.0,0.0,0.0
Census Tract 6308,white,163.33333333333334,166.46666666666667,0.019183673469387708,3.1333333333333258,0.3333333333333333
Census Tract 1003,white,228.73333333333335,228.73333333333335,0.0,0.0,0.0
Census Tract 1004,white,348.90000000000003,348.90000000000003,0.0,0.0,0.0
Census Tract 1005,white,326.0,326.0,0.0,0.0,0.0
Census Tract 2831,white,244.26666666666665,244.26666666666665,0.0,0.0,0.0
Census Tract 2712,black,84.03333333333333,84.03333333333333,0.0,0.0,0.0
Census Tract 6104,white,269.73333333333335,299.43333333333334,0.11010874938210574,29.69999999999999,0.6666666666666666
Census Tract 6111,white,291.6333333333334,311.1333333333334,0.06686478454680533,19.5,0.3333333333333333
Census Tract 6113,white,271.7,299.43333333333334,0.10207336523126002,27.73333333333335,0.6666666666666666
Census Tract 623,white,322.06666666666666,327.5,0.016870213206375502,5.433333333333337,0.6666666666666666
Census Tract 625,white,293.53333333333336,308.6,0.051328639563933666,15.066666666666663,1.0
Census Tract 707,white,311.1333333333334,329.26666666666665,0.0582815513177628,18.13333333333327,0.6666666666666666
Census Tract 711,white,362.59999999999997,375.6666666666667,0.03603603603603619,13.06666666666672,1.0
Census Tract 713,white,394.29999999999995,420.9666666666667,0.0676303998647394,26.666666666666742,1.3333333333333333
Census Tract 1402,white,135.26666666666665,135.26666666666665,0.0,0.0,0.0
Census Tract 706,white,305.93333333333334,336.2,0.09893222924384393,30.26666666666665,1.3333333333333333
Census Tract 1204,white,290.06666666666666,324.46666666666664,0.11859342679843707,34.39999999999998,1.0
Census Tract 1301,white,170.4333333333333,170.4333333333333,0.0,0.0,0.0
Census Tract 1302,white,296.40000000000003,321.3333333333333,0.08412055780476814,24.93333333333328,1.3333333333333333
Census Tract 1401,white,198.19999999999996,198.19999999999996,0.0,0.0,0.0
Census Tract 2832,white,264.03333333333336,264.03333333333336,0.0,0.0,0.0
Census Tract 1404,white,262.23333333333335,335.26666666666665,0.2785051480869453,73.0333333333333,1.6666666666666667
Census Tract 2924,white,230.16666666666666,230.16666666666666,0.0,0.0,0.0
Census Tract 2827,black,150.66666666666666,150.66666666666666,0.0,0.0,0.0
Census Tract 2925,white,227.83333333333334,257.3333333333333,0.129480614484272,29.49999999999997,1.0
Census Tract 3006,white,227.70000000000002,227.70000000000002,0.0,0.0,0.0
Census Tract 3007,white,230.0,230.0,0.0,0.0,0.0
Census Tract 2828,black,156.63333333333333,156.63333333333333,0.0,0.0,0.0
Census Tract 2838,white,290.6666666666667,296.2666666666667,0.019266055045871637,5.600000000000023,0.3333333333333333
Census Tract 2909,white,272.6666666666667,314.59999999999997,0.15378973105134452,41.93333333333328,1.0
Census Tract 2916,white,141.13333333333333,141.13333333333333,0.0,0.0,0.0
Census Tract 6302,white,138.20000000000002,138.20000000000002,0.0,0.0,0.0
Census Tract 2713,black,104.0,104.0,0.0,0.0,0.0
Census Tract 2809,black,194.19999999999996,194.19999999999996,0.0,0.0,0.0
Census Tract 6117,white,254.20000000000002,285.8666666666667,0.12457382638342508,31.666666666666657,0.6666666666666666
Census Tract 6121,white,253.0,253.0,0.0,0.0,0.0
Census Tract 703,white,376.1666666666667,391.59999999999997,0.041027913159060556,15.43333333333328,1.0
Census Tract 3005,white,225.73333333333335,225.73333333333335,0.0,0.0,0.0
Census Tract 2912,white,117.43333333333334,117.43333333333334,0.0,0.0,0.0
Census Tract 6203,white,244.86666666666665,270.6666666666667,0.10536346310917523,25.80000000000004,1.6666666666666667
Census Tract 6204,white,178.0666666666667,193.73333333333332,0.08798202920254564,15.666666666666629,1.0
Census Tract 6301,white,221.9333333333333,247.39999999999998,0.11474917392610395,25.46666666666667,1.0
Census Tract 6303,white,159.96666666666667,169.0333333333333,0.05667847468222526,9.066666666666634,0.6666666666666666
Census Tract 6304,white,143.33333333333334,143.33333333333334,0.0,0.0,0.0
Census Tract 6305,white,167.3,170.86666666666667,0.021318987846184474,3.566666666666663,0.3333333333333333
Census Tract 1103,white,270.53333333333336,270.53333333333336,0.0,0.0,0.0
Census Tract 1104,white,251.70000000000002,251.70000000000002,0.0,0.0,0.0
Census Tract 2801,white,188.26666666666665,188.76666666666665,0.0026558073654390935,0.5,0.3333333333333333
Census Tract 1201,white,446.90000000000003,478.6666666666667,0.07108227045573204,31.76666666666665,1.0
Census Tract 2808,black,174.30000000000004,174.30000000000004,0.0,0.0,0.0
Census Tract 1202,white,338.0,370.56666666666666,0.09635108481262326,32.56666666666666,1.3333333333333333
Census Tract 2714,black,127.60000000000001,127.60000000000001,0.0,0.0,0.0
Census Tract 710,white,381.1666666666667,407.6333333333334,0.06943594228246619,26.466666666666697,1.3333333333333333
Census Tract 2819,white,190.73333333333335,190.73333333333335,0.0,0.0,0.0
Census Tract 5501,white,193.69999999999996,193.69999999999996,0.0,0.0,0.0
Census Tract 712,white,387.73333333333335,414.40000000000003,0.06877579092159565,26.666666666666686,1.3333333333333333
Census Tract 6115,white,272.1333333333334,292.8,0.07594316511513949,20.66666666666663,0.6666666666666666
Census Tract 6118,white,274.03333333333336,302.8666666666667,0.10521834326724235,28.833333333333314,0.3333333333333333
Census Tract 6119,white,272.0,300.8333333333333,0.10600490196078424,28.833333333333314,0.3333333333333333
Census Tract 6120,white,275.1333333333333,303.96666666666664,0.1047976738551005,28.833333333333314,0.3333333333333333
Census Tract 6201,white,187.70000000000002,200.23333333333335,0.06677321967678919,12.533333333333331,0.6666666666666666
Census Tract 6202,white,203.0,254.5333333333333,0.2538587848932675,51.5333333333333,1.3333333333333333
Census Tract 702,white,336.5,369.3333333333333,0.09757305596830108,32.833333333333314,1.3333333333333333
Census Tract 704,white,366.90000000000003,387.1333333333334,0.05514672481148364,20.23333333333335,1.6666666666666667
Census Tract 705,white,343.3333333333333,364.6333333333334,0.06203883495145651,21.300000000000068,1.6666666666666667
Census Tract 1303,white,162.23333333333332,162.23333333333332,0.0,0.0,0.0
Census Tract 2922,white,201.13333333333335,201.13333333333335,0.0,0.0,0.0
Census Tract 6309,white,169.29999999999998,172.4333333333333,0.018507580232329155,3.1333333333333258,0.6666666666666666
