,majority,shortest_path,shortest_restricted_path,relative_increase_pct,absolute_increase,n_cameras
Census Tract 8424,black,1672.0,1672.0,0.0,0.0,0
Census Tract 8403,white,1338.3,1338.3,0.0,0.0,0
Census Tract 8411,white,1167.3,1167.3,0.0,0.0,0
Census Tract 8412,white,1266.9,1266.9,0.0,0.0,0
Census Tract 8390,white,1058.1,1058.1,0.0,0.0,0
Census Tract 8382,black,1080.1,1080.1,0.0,0.0,0
Census Tract 6503.01,white,1954.7999999999997,2037.1,4.2101493758952415,82.30000000000018,3
Census Tract 5305.03,black,2252.0,2337.4,3.792184724689169,85.40000000000009,3
Census Tract 7608.03,white,224.3,224.3,0.0,0.0,0
Census Tract 306.01,white,1128.9,1253.9,11.072725662148994,125.0,6
Census Tract 306.04,white,1090.1,1237.1000000000001,13.48500137602057,147.00000000000023,6
Census Tract 208.01,white,872.8,959.7,9.95646196150322,86.90000000000009,2
Census Tract 5401.02,black,2231.8999999999996,2231.8999999999996,0.0,0.0,0
Census Tract 8433,white,1238.1,1238.1,0.0,0.0,0
Census Tract 5401.01,black,2386.5,2386.5,0.0,0.0,0
Census Tract 4402.01,black,1714.6,1714.6,0.0,0.0,0
Census Tract 802.02,white,992.3,997.4000000000001,0.5139574725385606,5.100000000000136,1
Census Tract 701.02,white,975.8000000000001,1043.4,6.92764910842386,67.60000000000002,3
Census Tract 315.01,white,1081.1000000000001,1143.4,5.762649153639806,62.299999999999955,5
Census Tract 315.02,white,1016.7,1075.2000000000003,5.753909707878453,58.50000000000023,3
Census Tract 8349,black,1729.0,1729.0,0.0,0.0,0
Census Tract 8348,black,1595.3000000000002,1608.8000000000002,0.8462358177145364,13.5,1
Census Tract 1605.02,white,581.4,629.2,8.22153422772619,47.80000000000007,1
Census Tract 1407.02,white,635.3,635.3,0.0,0.0,0
Census Tract 8420,white,1257.8000000000002,1257.8000000000002,0.0,0.0,0
Census Tract 1504.02,white,504.9,522.8000000000001,3.5452564864329754,17.90000000000009,1
Census Tract 8344,black,1747.3000000000002,1774.0,1.5280718823327313,26.699999999999818,1
Census Tract 402.01,white,796.8000000000001,859.8000000000001,7.906626506024097,63.0,3
Census Tract 402.02,white,804.3,925.9000000000001,15.118736789755086,121.60000000000014,2
Census Tract 207.02,white,845.7,903.5999999999999,6.846399432422828,57.899999999999864,2
Census Tract 208.02,white,882.1,949.9000000000001,7.686203378301787,67.80000000000007,3
Census Tract 203.01,white,985.4000000000001,1043.3,5.875786482646626,57.899999999999864,2
Census Tract 8387,white,1342.0,1346.6,0.34277198211623766,4.599999999999909,8
Census Tract 206.01,white,935.2,1011.3000000000002,8.137296834901639,76.10000000000014,4
Census Tract 8415,white,1316.0,1332.7,1.2689969604863258,16.700000000000045,1
Census Tract 8386,black,1210.8,1228.6999999999998,1.4783614139411847,17.899999999999864,2
Census Tract 8373,black,1193.5,1231.0,3.142019271051529,37.5,1
Census Tract 206.02,white,986.0,1067.5,8.265720081135902,81.5,4
Census Tract 633.01,white,991.4000000000001,1065.5,7.474278797659865,74.09999999999991,3
Census Tract 8378,black,1065.4,1065.4,0.0,0.0,0
Census Tract 8374,black,1164.4,1164.4,0.0,0.0,0
Census Tract 8369,black,1102.3000000000002,1168.1999999999998,5.978408781638358,65.89999999999964,1
Census Tract 203.02,white,1023.8,1116.5,9.054502832584493,92.70000000000005,4
Census Tract 209.02,white,986.8,1065.7,7.995541143088782,78.90000000000009,3
Census Tract 107.01,white,1141.2,1241.8000000000002,8.815282159130751,100.60000000000014,4
Census Tract 301.03,white,1141.9,1238.2000000000003,8.43331289955339,96.30000000000018,3
Census Tract 633.03,white,1064.7,1110.0,4.254719639335019,45.299999999999955,4
Census Tract 301.02,white,1145.0,1251.5,9.301310043668122,106.5,6
Census Tract 105.02,white,1194.7,1291.0,8.06060098769565,96.29999999999995,3
Census Tract 105.03,white,1141.1000000000001,1237.4,8.439225308912448,96.29999999999995,3
Census Tract 107.02,white,1178.1,1274.4,8.174178762414073,96.30000000000018,3
Census Tract 8371,black,1075.6,1141.5,6.126812941613992,65.90000000000009,1
Census Tract 8370,black,1142.6,1211.2,6.003850866444963,68.60000000000014,2
Census Tract 102.01,white,1177.9,1295.5,9.983869598437888,117.59999999999991,5
Census Tract 209.01,white,932.4,1011.3000000000001,8.462033462033473,78.90000000000009,3
Census Tract 404.01,white,840.0,925.3,10.1547619047619,85.29999999999995,4
Census Tract 2106.02,white,617.8,617.8,0.0,0.0,0
Census Tract 1605.01,white,626.5,635.2,1.3886671987230719,8.700000000000045,1
Census Tract 1913.02,white,838.1,970.5,15.797637513423215,132.39999999999998,6
Census Tract 1906.02,white,765.5999999999999,881.0,15.073145245559052,115.40000000000009,5
Census Tract 8402,white,1191.1,1191.1,0.0,0.0,0
Census Tract 5305.01,black,2250.5,2263.0,0.555432126194179,12.5,3
Census Tract 207.01,white,815.1999999999999,873.1,7.102551521099129,57.90000000000009,2
Census Tract 8314,black,1289.8,1392.5,7.962474802294933,102.70000000000005,9
Census Tract 8313,black,897.0999999999999,1069.3000000000002,19.195184483335222,172.20000000000027,6
Census Tract 105.01,white,1212.0,1308.3000000000002,7.945544554455461,96.30000000000018,3
Census Tract 8330,white,943.9,943.9,0.0,0.0,0
Census Tract 7608.01,white,132.0,132.0,0.0,0.0,0
Census Tract 2521.01,black,1259.1,1458.7,15.852593122071331,199.60000000000014,8
Census Tract 2521.02,black,1209.8000000000002,1389.0,14.812365680277715,179.19999999999982,8
Census Tract 2522.02,black,1141.9,1373.3,20.264471494876947,231.39999999999986,8
Census Tract 2206.01,white,720.4,741.0,2.859522487506944,20.600000000000023,1
Census Tract 2105.02,white,691.8,700.5,1.257588898525592,8.700000000000045,1
Census Tract 2206.02,white,676.5999999999999,739.0,9.22258350576413,62.40000000000009,1
Census Tract 2209.01,white,825.8000000000001,825.8000000000001,0.0,0.0,0
Census Tract 2209.02,white,786.1,786.1,0.0,0.0,0
Census Tract 2004.01,white,852.5,858.0,0.6451612903225806,5.5,3
Census Tract 2004.02,white,834.3,909.2,8.977586000239732,74.90000000000009,3
Census Tract 1913.01,white,878.5,982.5999999999999,11.849743881616382,104.09999999999991,3
Census Tract 1906.01,white,802.0,874.5,9.03990024937656,72.5,3
Census Tract 1907.01,white,743.0000000000001,814.5999999999999,9.636608344549096,71.5999999999998,5
Census Tract 1907.02,white,785.4000000000001,859.9,9.485612426788883,74.49999999999989,5
Census Tract 1904.01,white,734.1,782.7,6.62035145075603,48.60000000000002,2
Census Tract 1904.02,white,701.9000000000001,789.4000000000001,12.466163271121241,87.5,4
Census Tract 8321,white,939.0,1064.2,13.33333333333334,125.20000000000005,3
Census Tract 8438,white,1479.9,1479.9,0.0,0.0,0
Census Tract 8428,white,1585.6000000000001,1585.6000000000001,0.0,0.0,0
Census Tract 3515,white,1285.6000000000001,1285.6000000000001,0.0,0.0,0
Census Tract 9801,white,1784.5,1896.3999999999999,6.27066405155505,111.89999999999986,2
Census Tract 8333,white,1074.1000000000001,1074.1000000000001,0.0,0.0,0
Census Tract 8329,white,1063.5,1063.5,0.0,0.0,0
Census Tract 8380,black,1079.2,1079.2,0.0,0.0,0
Census Tract 8381,black,1032.9,1032.9,0.0,0.0,0
Census Tract 307.06,white,1125.1,1211.4,7.670429295173779,86.30000000000018,5
Census Tract 3815,black,1390.3,1390.3,0.0,0.0,0
Census Tract 8331,white,1011.0999999999999,1020.5999999999999,0.9395707645138958,9.5,1
Census Tract 8391,white,1005.6000000000001,1005.6000000000001,0.0,0.0,0
Census Tract 812.01,white,1038.4,1038.7,0.028890600924494848,0.2999999999999545,1
Census Tract 1504.01,white,420.9,420.9,0.0,0.0,0
Census Tract 1505.01,white,393.70000000000005,414.4,5.2578105156210135,20.699999999999932,1
Census Tract 8430,black,1271.1999999999998,1319.6,3.807426054122097,48.40000000000009,7
Census Tract 8429,white,1178.9,1178.9,0.0,0.0,0
Census Tract 8421,black,1044.7,1131.3,8.289461089307926,86.59999999999991,7
Census Tract 8419,white,1005.2,1005.2,0.0,0.0,0
Census Tract 802.01,white,957.1,1023.0999999999999,6.895831156618941,65.99999999999989,1
Census Tract 701.01,white,1111.3,1294.3,16.467200575902098,183.0,4
Census Tract 404.02,white,882.3,966.1,9.497903207525793,83.80000000000007,3
Census Tract 2207.02,white,701.7,743.0,5.885706142226016,41.299999999999955,2
Census Tract 1403.01,white,552.7,625.7,13.20788854713226,73.0,3
Census Tract 8422,white,864.0,864.0,0.0,0.0,0
Census Tract 8437,white,707.8000000000001,766.1999999999999,8.250918338513683,58.399999999999864,2
Census Tract 8350,white,1783.7999999999997,1816.1000000000001,1.8107411144747403,32.30000000000041,2
Census Tract 8423,white,811.6,811.6,0.0,0.0,0
Census Tract 2302,white,870.4,909.5,4.492187500000003,39.10000000000002,2
Census Tract 8351,white,1745.7,1778.0,1.85026064043077,32.299999999999955,2
Census Tract 8347,black,1528.0,1606.7999999999997,5.157068062827207,78.79999999999973,1
Census Tract 1510.01,white,660.1999999999999,712.6999999999999,7.952135716449561,52.5,1
Census Tract 1510.02,white,597.9000000000001,670.8999999999999,12.209399565144635,72.99999999999977,2
Census Tract 1606.02,white,655.0999999999999,702.9,7.296595939551224,47.80000000000007,1
Census Tract 1406.01,white,563.9,563.9,0.0,0.0,0
Census Tract 1407.01,white,641.4000000000001,675.1999999999999,5.269722482070445,33.79999999999984,3
Census Tract 1406.02,white,599.0999999999999,599.0999999999999,0.0,0.0,0
Census Tract 3905,black,1554.8,1554.8,0.0,0.0,0
Census Tract 8418,black,1729.3000000000002,1809.6,4.643497368877565,80.29999999999973,1
Census Tract 8425,black,1540.9,1613.2000000000003,4.692063080018183,72.30000000000018,1
Census Tract 8426,white,1475.6,1475.6,0.0,0.0,0
Census Tract 8435,white,1435.2,1435.2,0.0,0.0,0
Census Tract 8434,white,1450.1,1481.1999999999998,2.144679677263631,31.09999999999991,9
Census Tract 1403.02,white,598.5,674.8,12.748538011695898,76.29999999999995,3
Census Tract 1105.01,white,339.7,449.9,32.4403885781572,110.19999999999999,1
Census Tract 3904,black,1554.4,1554.4,0.0,0.0,0
Census Tract 8432,white,1275.2,1275.2,0.0,0.0,0
Census Tract 8408,white,1522.9,1536.2,0.873333771094619,13.299999999999955,1
Census Tract 1105.02,white,358.7,358.7,0.0,0.0,0
Census Tract 7608.02,white,1029.0,1126.9,9.514091350826053,97.90000000000009,2
Census Tract 1505.02,white,495.29999999999995,515.3000000000001,4.037956793862329,20.000000000000114,1
Census Tract 8431,white,1262.8000000000002,1262.8000000000002,0.0,0.0,0
Census Tract 8343,black,1872.4,1872.4,0.0,0.0,0
Census Tract 8439,black,1675.0,1675.0,0.0,0.0,0
Census Tract 8312,white,867.5,940.7,8.438040345821332,73.20000000000005,4
Census Tract 8316,white,854.3,912.8,6.847711576729488,58.5,2
Census Tract 8315,white,786.8,840.3,6.799694966954754,53.5,2
Census Tract 8311,white,620.7,620.7,0.0,0.0,0
Census Tract 8317,white,517.7,520.0,0.444272744832906,2.2999999999999545,2
Census Tract 2715,black,1225.9,1225.9,0.0,0.0,0
Census Tract 4402.02,black,1753.1999999999998,1753.1999999999998,0.0,0.0,0
Census Tract 4401.02,black,1813.2999999999997,1813.2999999999997,0.0,0.0,0
Census Tract 307.02,white,1033.1,1245.1000000000001,20.520762752879705,212.00000000000023,5
Census Tract 306.03,white,1073.6999999999998,1232.2,14.762037813169437,158.50000000000023,4
Census Tract 307.01,white,1043.6000000000001,1202.1,15.187811422000744,158.49999999999977,4
Census Tract 8363,black,1617.0,1617.0,0.0,0.0,0
Census Tract 8383,white,967.4,972.5,0.5271862724829464,5.100000000000023,1
Census Tract 8398,white,1286.4,1286.4,0.0,0.0,0
Census Tract 8366,black,961.3000000000001,1011.8999999999999,5.263705398938915,50.599999999999795,1
Census Tract 7302.02,black,1878.7000000000003,1906.7999999999997,1.4957151221589104,28.099999999999454,2
Census Tract 4301.01,black,1799.3,1799.3,0.0,0.0,0
Census Tract 633.02,white,984.9000000000001,1059.0,7.523606457508366,74.09999999999991,3
Census Tract 8362,black,1608.6,1608.6,0.0,0.0,0
Census Tract 714,white,1045.8000000000002,1113.5,6.4735131000191055,67.69999999999982,1
Census Tract 8401,white,1231.3,1231.3,0.0,0.0,0
Census Tract 5805.02,white,1542.1,1542.1,0.0,0.0,0
Census Tract 8414,white,1361.8000000000002,1361.8000000000002,0.0,0.0,0
Census Tract 814.01,white,1028.9,1030.9,0.19438235008261248,2.0,1
Census Tract 814.03,white,1093.8999999999999,1093.8999999999999,0.0,0.0,0
Census Tract 307.03,white,1005.3999999999999,1165.7,15.943902924209292,160.30000000000018,4
Census Tract 8360,black,1459.5,1459.5,0.0,0.0,0
Census Tract 8358,black,1418.9,1418.9,0.0,0.0,0
Census Tract 8359,black,1359.4,1359.4,0.0,0.0,0
Census Tract 8345,black,1494.3000000000002,1494.3000000000002,0.0,0.0,0
Census Tract 8436,black,1529.9,1529.9,0.0,0.0,0
Census Tract 5805.01,white,1483.0,1483.0,0.0,0.0,0
Census Tract 8346,black,1493.4,1547.2000000000003,3.6025177447435506,53.80000000000018,1
Census Tract 8318,white,634.7,784.9,23.664723491413252,150.19999999999993,2
Census Tract 716,white,947.4,947.4,0.0,0.0,1
Census Tract 8326,white,847.8,847.8,0.0,0.0,0
Census Tract 619.01,white,990.4,1045.8000000000002,5.593699515347355,55.400000000000205,2
Census Tract 8399,white,1359.0,1359.0,0.0,0.0,0
Census Tract 301.04,white,1151.1,1247.4,8.365910867865537,96.30000000000018,3
Census Tract 8397,white,1349.1,1349.1,0.0,0.0,0
Census Tract 8352,white,1683.1000000000001,1827.9,8.603172717010276,144.79999999999995,3
Census Tract 8339,black,1925.5000000000002,1925.5000000000002,0.0,0.0,0
Census Tract 8368,black,1129.5,1136.5,0.619743249225321,7.0,1
Census Tract 8388,black,2327.4000000000005,2327.4000000000005,0.0,0.0,0
Census Tract 8367,black,998.2,1064.1,6.60188339010217,65.89999999999986,1
Census Tract 8322,white,751.5,776.9000000000001,3.3799068529607577,25.40000000000009,1
Census Tract 2522.01,black,1201.5,1346.4,12.059925093632966,144.9000000000001,8
Census Tract 8310,white,778.8,785.9,0.9116589625064231,7.100000000000023,1
Census Tract 8324,white,801.2,835.4,4.268597104343476,34.19999999999993,1
Census Tract 701.03,white,962.7,1037.6,7.7802015165679705,74.89999999999986,4
Census Tract 2207.01,white,752.5,752.5,0.0,0.0,0
Census Tract 8416,white,1337.7,1337.7,0.0,0.0,0
Census Tract 6603.01,white,1843.9,1875.7,1.7246054558273198,31.799999999999955,3
Census Tract 6603.02,white,1825.5,1852.9,1.500958641468096,27.40000000000009,2
Census Tract 3018.02,white,1486.1,1517.1999999999998,2.0927259269228125,31.09999999999991,9
Census Tract 8340,black,1783.4,1783.4,0.0,0.0,0
Census Tract 8342,black,1875.9,1884.7000000000003,0.4691081614158634,8.800000000000182,1
Census Tract 7302.01,black,1966.1,1994.2,1.4292253700218778,28.100000000000136,2
Census Tract 8355,white,1318.1,1318.1,0.0,0.0,0
Census Tract 8395,white,1300.7,1300.7,0.0,0.0,0
Census Tract 8392,white,1288.4,1288.4,0.0,0.0,0
Census Tract 5305.02,black,2276.0,2276.0,0.0,0.0,0
Census Tract 8404,white,1350.8999999999999,1350.8999999999999,0.0,0.0,0
Census Tract 8410,white,1190.7,1190.7,0.0,0.0,0
Census Tract 301.01,white,1155.7,1262.2000000000003,9.215194254564354,106.50000000000023,6
Census Tract 7003.02,black,2278.2999999999997,2423.3,6.364394504674559,145.00000000000045,4
Census Tract 7004.02,black,2272.4,2330.5,2.5567681746171407,58.09999999999991,5
Census Tract 7004.01,black,2233.0,2328.7,4.285714285714278,95.69999999999982,4
Census Tract 8305,white,1499.8000000000002,1499.8000000000002,0.0,0.0,0
Census Tract 8417,white,1370.7,1370.7,0.0,0.0,0
Census Tract 6401,white,1825.6,1937.5,6.1294916739702066,111.90000000000009,2
Census Tract 8407,white,1306.6,1306.6,0.0,0.0,0
Census Tract 8413,white,1343.1,1343.1,0.0,0.0,0
Census Tract 3018.01,white,1560.8000000000002,1616.8999999999999,3.5943106099435975,56.09999999999968,10
Census Tract 608,white,975.5999999999999,1135.5,16.389913899139003,159.9000000000001,3
Census Tract 8323,white,718.3,718.3,0.0,0.0,0
Census Tract 8325,white,783.5999999999999,783.5999999999999,0.0,0.0,0
Census Tract 8320,white,919.1,1008.3,9.705146338809698,89.19999999999993,2
Census Tract 1606.01,white,712.0,717.0999999999999,0.7162921348314479,5.099999999999909,1
Census Tract 2105.01,white,627.5,627.5,0.0,0.0,0
Census Tract 2106.01,white,574.8,574.8,0.0,0.0,0
Census Tract 813,white,1060.3,1060.3,0.0,0.0,0
Census Tract 7005.02,black,2154.0,2168.7,0.6824512534818857,14.699999999999818,3
Census Tract 8361,black,1517.7,1517.7,0.0,0.0,0
Census Tract 8357,white,1355.3,1355.3,0.0,0.0,0
Census Tract 611,white,913.2,1014.8,11.125711782741995,101.59999999999991,2
Census Tract 8365,black,1331.8,1331.8,0.0,0.0,0
Census Tract 8396,black,1330.2,1330.2,0.0,0.0,0
Census Tract 8400,white,1278.7,1278.7,0.0,0.0,0
Census Tract 8356,white,1420.5,1420.5,0.0,0.0,0
Census Tract 8308,white,891.0,921.3,3.4006734006733956,30.299999999999955,1
Census Tract 4603.01,black,2014.3000000000002,2014.3000000000002,0.0,0.0,0
Census Tract 3017.01,white,1587.8,1595.6,0.491245748834863,7.7999999999999545,9
Census Tract 3104,white,1121.1,1121.1,0.0,0.0,0
Census Tract 5301,black,2077.8999999999996,2077.8999999999996,0.0,0.0,0
Census Tract 811,white,1021.7,1022.0,0.029362826661442156,0.2999999999999545,1
Census Tract 1507,white,566.7,606.4000000000001,7.005470266454922,39.700000000000045,2
Census Tract 3017.02,white,1601.0,1632.1,1.942535915053086,31.09999999999991,1
Census Tract 7003.01,black,2217.2,2362.2000000000003,6.539779902579851,145.00000000000045,4
Census Tract 4909.02,black,1899.0,1899.0,0.0,0.0,0
Census Tract 618,white,952.3,1053.9,10.668906857082867,101.60000000000014,2
Census Tract 4909.01,black,1963.6999999999998,1963.6999999999998,0.0,0.0,0
Census Tract 6503.02,white,1918.5,1927.7,0.47954130831378916,9.200000000000045,3
Census Tract 8319,white,828.7,907.2,9.472668034270544,78.5,2
Census Tract 8306,white,1085.8000000000002,1177.6,8.454595689813935,91.79999999999973,4
Census Tract 8309,white,717.5,742.1,3.4285714285714315,24.600000000000023,2
Census Tract 8307,white,957.0,1004.8000000000001,4.994775339602933,47.80000000000007,1
Census Tract 3009,white,1400.9,1400.9,0.0,0.0,0
Census Tract 7005.01,black,2073.4000000000005,2158.7000000000003,4.114015626507172,85.29999999999973,3
Census Tract 4603.02,black,2073.6000000000004,2073.6000000000004,0.0,0.0,0
Census Tract 4313.02,black,1906.5,1906.5,0.0,0.0,0
Census Tract 2229,white,847.1000000000001,847.1000000000001,0.0,0.0,0
Census Tract 4313.01,black,1983.7,1983.7,0.0,0.0,0
Census Tract 4401.01,black,1760.5,1760.5,0.0,0.0,0
Census Tract 3018.03,white,1548.3999999999999,1579.5,2.0085249289589346,31.100000000000136,9
Census Tract 3102,white,1078.3,1078.3,0.0,0.0,0
Census Tract 3103,white,1091.5,1091.5,0.0,0.0,0
Census Tract 3105,white,1156.6999999999998,1156.6999999999998,0.0,0.0,0
Census Tract 5103,black,2051.1,2074.9,1.1603529813271019,23.800000000000182,1
Census Tract 4914,black,2022.6000000000001,2022.6000000000001,0.0,0.0,0
Census Tract 5002,black,1992.0000000000002,1992.0000000000002,0.0,0.0,0
Census Tract 5302,black,2147.4,2147.4,0.0,0.0,0
Census Tract 7401,white,2285.7,2285.7,0.0,0.0,0
Census Tract 1405,white,525.7,543.0,3.2908502948449594,17.299999999999955,2
Census Tract 1408,white,737.4,737.4,0.0,0.0,0
Census Tract 3011,white,1400.3000000000002,1400.3000000000002,0.0,0.0,0
Census Tract 1502,white,452.5,463.79999999999995,2.4972375690607636,11.299999999999955,1
Census Tract 1503,white,461.0,475.4,3.123644251626893,14.399999999999977,1
Census Tract 3012,white,1353.4,1364.8,0.8423230382739665,11.399999999999864,1
Census Tract 7404,white,2431.7,2431.7,0.0,0.0,0
Census Tract 204,white,1076.8,1177.4,9.34249628528976,100.60000000000014,4
Census Tract 6403,white,1991.1,2135.7999999999997,7.267339661493638,144.69999999999982,3
Census Tract 6406,white,2043.5,2161.6,5.779300220210419,118.09999999999991,3
Census Tract 718,white,886.9,894.0999999999999,0.8118164392828877,7.199999999999932,1
Census Tract 1603,white,460.4,460.4,0.0,0.0,0
Census Tract 3107,white,1196.6,1196.6,0.0,0.0,0
Census Tract 715,white,1085.5,1130.8000000000002,4.173192077383711,45.30000000000018,4
Census Tract 717,white,940.6999999999999,962.3,2.29616243223132,21.600000000000023,1
Census Tract 6712,black,1769.9,1769.9,0.0,0.0,0
Census Tract 6705,black,1780.3999999999999,1809.5,1.6344641653561076,29.100000000000136,2
Census Tract 6706,black,1791.1,1806.1,0.8374741778795155,15.0,1
Census Tract 6707,black,1748.8,1763.2000000000003,0.8234217749313998,14.400000000000318,1
Census Tract 6708,black,1729.1,1742.1000000000001,0.751836215372172,13.000000000000227,1
Census Tract 6709,black,1689.6,1699.9,0.6096117424242532,10.300000000000182,1
Census Tract 6711,black,1713.6,1713.6,0.0,0.0,0
Census Tract 6713,black,1825.5000000000002,1825.5000000000002,0.0,0.0,0
Census Tract 6714,black,1848.3000000000002,1859.8000000000002,0.6221933668776713,11.5,1
Census Tract 6715,black,1850.5,1850.5,0.0,0.0,0
Census Tract 6716,black,1797.1000000000001,1797.1000000000001,0.0,0.0,0
Census Tract 6701,black,1618.4,1697.1999999999998,4.869006426099834,78.79999999999973,1
Census Tract 2305,white,933.9,983.2,5.278937787771717,49.30000000000007,5
Census Tract 2306,black,957.7,1034.0,7.967004281090107,76.29999999999995,5
Census Tract 2406,white,838.0,849.6,1.384248210023869,11.600000000000023,1
Census Tract 2410,white,854.4000000000001,939.8,9.995318352059908,85.39999999999986,1
Census Tract 1910,white,816.8,915.8,12.12047012732615,99.0,4
Census Tract 803,white,958.5999999999999,997.5999999999999,4.068433131650324,39.0,1
Census Tract 3008,white,1407.3000000000002,1407.3000000000002,0.0,0.0,0
Census Tract 6502,white,1875.0,1929.3000000000002,2.8960000000000097,54.30000000000018,2
Census Tract 6605,white,1889.4,1963.1000000000001,3.9007092198581583,73.70000000000005,3
Census Tract 2214,white,732.5,833.6,13.802047781569968,101.10000000000002,1
Census Tract 1610,white,495.0,495.0,0.0,0.0,0
Census Tract 3406,white,1325.9,1325.9,0.0,0.0,0
Census Tract 2405,white,874.0,878.8,0.549199084668187,4.7999999999999545,1
Census Tract 2407,white,818.6,895.2,9.357439530906428,76.60000000000002,1
Census Tract 2408,white,812.1,904.5999999999999,11.390222878955779,92.49999999999989,1
Census Tract 2409,white,889.4,955.2999999999998,7.409489543512465,65.89999999999986,1
Census Tract 2411,white,888.0999999999999,918.5,3.423037946177243,30.40000000000009,2
Census Tract 1903,white,702.4,779.8,11.019362186788152,77.39999999999998,4
Census Tract 1908,white,764.4,845.9,10.661957090528519,81.5,3
Census Tract 1909,white,740.4000000000001,797.5,7.7120475418692465,57.09999999999991,3
Census Tract 1911,white,825.3,938.0999999999999,13.667757179207557,112.79999999999995,4
Census Tract 1912,white,845.3,914.3999999999999,8.174612563586882,69.09999999999991,2
Census Tract 801,white,1004.5000000000001,1046.6000000000001,4.191139870582381,42.10000000000002,1
Census Tract 804,white,930.9,930.9,0.0,0.0,0
Census Tract 810,white,995.2,998.0999999999999,0.29139871382635285,2.8999999999998636,1
Census Tract 1506,white,569.0999999999999,615.5999999999999,8.170795993674224,46.5,2
Census Tract 3016,white,1572.8000000000002,1572.8000000000002,0.0,0.0,0
Census Tract 205,white,1047.0,1138.8,8.767908309455583,91.79999999999995,4
Census Tract 7503,white,2176.8,2176.8,0.0,0.0,0
Census Tract 6408,white,1884.9,1996.7999999999997,5.936654464427801,111.89999999999964,2
Census Tract 7501,black,2035.9,2035.9,0.0,0.0,0
Census Tract 7402,white,2420.0,2458.1000000000004,1.5743801652892713,38.100000000000364,1
Census Tract 6504,white,2012.8999999999999,2021.9,0.4471161011476093,9.000000000000227,3
Census Tract 6505,white,2218.8,2303.3,3.808364881918154,84.5,3
Census Tract 6606,white,1860.5,1860.5,0.0,0.0,0
Census Tract 2211,white,790.5,820.9,3.8456672991777325,30.399999999999977,1
Census Tract 2213,white,738.9,828.8,12.16673433482203,89.89999999999998,1
Census Tract 2215,white,773.2,799.0,3.3367822038282404,25.799999999999955,1
Census Tract 201,white,1127.6000000000001,1253.2,11.138701667257884,125.59999999999991,5
Census Tract 2216,white,744.4000000000001,744.4000000000001,0.0,0.0,0
Census Tract 1608,white,572.9,572.9,0.0,0.0,0
Census Tract 1609,white,546.0,556.4,1.9047619047619007,10.399999999999977,1
Census Tract 2228,white,830.5,830.5,0.0,0.0,0
Census Tract 1611,white,547.3,547.3,0.0,0.0,0
Census Tract 1612,white,608.7,608.7,0.0,0.0,0
Census Tract 1613,white,556.7,556.7,0.0,0.0,0
Census Tract 6501,white,1854.3999999999999,1854.8,0.02157031924072967,0.40000000000009095,2
Census Tract 3302,white,1126.5,1126.5,0.0,0.0,0
Census Tract 4206,black,1632.3,1634.1000000000001,0.11027384671936422,1.800000000000182,1
Census Tract 4207,black,1652.2,1704.7,3.1775814066093693,52.5,1
Census Tract 6610,white,1982.2000000000003,2034.0000000000002,2.6132579961658733,51.799999999999955,4
Census Tract 101,white,1267.7,1385.3000000000002,9.276642738818342,117.60000000000014,5
Census Tract 2303,white,865.7,865.7,0.0,0.0,0
Census Tract 6404,white,2133.8999999999996,2278.7,6.785697549088534,144.80000000000018,3
Census Tract 6405,white,2167.2,2299.3,6.095422665190124,132.10000000000036,3
Census Tract 6407,white,1942.7,2054.6,5.760024707880778,111.89999999999986,2
Census Tract 1512,white,635.4000000000001,697.6,9.789109222536972,62.19999999999993,3
Census Tract 3108,white,1220.6,1220.6,0.0,0.0,0
Census Tract 6604,white,1823.1999999999998,1895.5,3.9655550680122964,72.30000000000018,2
Census Tract 6704,black,1720.6,1784.5,3.713820760199936,63.90000000000009,1
Census Tract 3404,white,1226.7,1226.7,0.0,0.0,0
Census Tract 4208,black,1713.6,1742.9,1.709850606909441,29.300000000000182,1
Census Tract 4212,black,1699.2,1713.2000000000003,0.8239171374764728,14.000000000000227,1
Census Tract 6611,white,1976.5,2092.0,5.84366304072856,115.5,4
Census Tract 2225,white,780.3999999999999,874.8,12.096360840594581,94.40000000000009,1
Census Tract 1902,white,707.1,765.0999999999999,8.202517324282264,57.999999999999886,2
Census Tract 3906,black,1547.2,1547.2,0.0,0.0,0
Census Tract 103,white,1283.1000000000001,1385.4,7.972878185644139,102.29999999999995,5
Census Tract 106,white,1192.4,1288.7,8.076148943307611,96.29999999999995,3
Census Tract 202,white,1044.8,1137.5,8.872511485451765,92.70000000000005,4
Census Tract 1508,white,583.3,585.5999999999999,0.39430824618548854,2.2999999999999545,1
Census Tract 1511,white,638.0999999999999,698.1,9.402914903620141,60.000000000000114,3
Census Tract 2301,white,837.1999999999999,903.0999999999999,7.871476349737218,65.89999999999998,1
Census Tract 1601,white,457.40000000000003,459.69999999999993,0.5028421512898771,2.2999999999998977,1
Census Tract 1602,white,516.2,516.2,0.0,0.0,0
Census Tract 1604,white,536.2,536.2,0.0,0.0,0
Census Tract 3106,white,1175.9,1175.9,0.0,0.0,0
Census Tract 3109,white,1245.3000000000002,1245.3000000000002,0.0,0.0,0
Census Tract 3204,white,1114.8000000000002,1114.8000000000002,0.0,0.0,0
Census Tract 615,white,881.9,964.9000000000001,9.411497902256505,83.00000000000011,2
Census Tract 3206,white,1118.1,1118.1,0.0,0.0,0
Census Tract 7403,white,2345.0,2345.0,0.0,0.0,0
Census Tract 6607,black,1867.5,1909.3000000000002,2.2382864792503443,41.80000000000018,3
Census Tract 2227,white,837.3,870.6,3.9770691508420004,33.30000000000007,2
Census Tract 2212,white,761.9,827.8,8.649429058931615,65.89999999999998,1
Census Tract 1607,white,650.6,675.4,3.811865969873955,24.799999999999955,1
Census Tract 2222,white,797.2,802.7,0.6899147014550928,5.5,1
Census Tract 3405,white,1250.3000000000002,1250.3000000000002,0.0,0.0,0
Census Tract 3301,white,1223.0,1223.0,0.0,0.0,0
Census Tract 3403,white,1243.3000000000002,1243.3000000000002,0.0,0.0,0
Census Tract 3504,white,1270.8,1270.8,0.0,0.0,0
Census Tract 7505,black,2066.2,2066.2,0.0,0.0,0
Census Tract 7504,white,2183.1,2183.1,0.0,0.0,0
Census Tract 7502,black,2071.3,2071.3,0.0,0.0,0
Census Tract 4302,black,1795.1,1795.1,0.0,0.0,0
Census Tract 6608,white,1895.4,1895.4,0.0,0.0,0
Census Tract 6609,white,1990.7,2030.3999999999999,1.994273371175959,39.69999999999982,4
Census Tract 6702,black,1654.6,1731.6,4.653692735404327,77.0,1
Census Tract 6703,black,1682.7,1752.1,4.124324003090264,69.39999999999986,1
Census Tract 2226,white,800.4,866.3,8.233383308345825,65.89999999999998,1
Census Tract 2304,white,919.5999999999999,920.0,0.043497172683785446,0.40000000000009095,5
Census Tract 1704,white,761.5,859.4,12.856204858831251,97.89999999999998,2
Census Tract 3807,black,1366.4,1366.4,0.0,0.0,0
Census Tract 3819,black,1506.3999999999999,1506.3999999999999,0.0,0.0,0
Census Tract 3902,black,1499.8,1499.8,0.0,0.0,0
Census Tract 1710,white,706.9,768.5,8.71410383363984,61.60000000000002,2
Census Tract 1801,white,790.3,848.8,7.402252309249653,58.5,2
Census Tract 3903,black,1500.3,1500.3,0.0,0.0,0
Census Tract 4003,black,1517.6,1517.6,0.0,0.0,0
Census Tract 4004,black,1526.3999999999999,1526.3999999999999,0.0,0.0,0
Census Tract 4005,black,1491.2,1491.2,0.0,0.0,0
Census Tract 4008,black,1572.4,1572.4,0.0,0.0,0
Census Tract 4403,black,1647.6,1647.6,0.0,0.0,0
Census Tract 4407,black,1763.6000000000001,1763.6000000000001,0.0,0.0,0
Census Tract 4308,black,1877.8,1877.8,0.0,0.0,0
Census Tract 6718,black,1822.0,1822.0,0.0,0.0,0
Census Tract 6805,black,1588.6999999999998,1667.5,4.960030213382023,78.80000000000018,1
Census Tract 6811,black,1709.5,1709.5,0.0,0.0,0
Census Tract 2001,white,673.6,673.6,0.0,0.0,0
Census Tract 4102,black,1608.1,1608.1,0.0,0.0,0
Census Tract 6806,black,1659.4,1673.7,0.8617572616608384,14.299999999999955,1
Census Tract 1706,white,920.9,1018.8,10.630904549896838,97.89999999999998,2
Census Tract 3805,white,1324.6,1324.6,0.0,0.0,0
Census Tract 3817,white,1384.6,1384.6,0.0,0.0,0
Census Tract 4303,black,1830.0,1830.0,0.0,0.0,0
Census Tract 4309,black,1872.0,1872.0,0.0,0.0,0
Census Tract 4312,black,1943.1000000000001,1943.1000000000001,0.0,0.0,0
Census Tract 2308,black,935.0,935.0,0.0,0.0,0
Census Tract 2311,black,988.2,988.2,0.0,0.0,0
Census Tract 1709,white,852.5,932.5,9.3841642228739,80.0,4
Census Tract 2101,white,612.4,674.2,10.091443500979763,61.80000000000007,1
Census Tract 4202,black,1724.2,1724.2,0.0,0.0,0
Census Tract 4203,black,1717.5,1717.5,0.0,0.0,0
Census Tract 4406,black,1725.4,1725.4,0.0,0.0,0
Census Tract 4408,black,1849.6999999999998,1849.6999999999998,0.0,0.0,0
Census Tract 4409,black,1825.3000000000002,1825.3000000000002,0.0,0.0,0
Census Tract 5604,white,1644.9,1735.9,5.532251200680892,91.0,2
Census Tract 4503,black,1962.4999999999998,1962.4999999999998,0.0,0.0,0
Census Tract 6719,black,1839.9,1839.9,0.0,0.0,0
Census Tract 6720,black,1917.6000000000001,1931.2000000000003,0.7092198581560355,13.600000000000136,1
Census Tract 6809,black,1572.1000000000001,1572.1000000000001,0.0,0.0,0
Census Tract 6810,black,1654.0000000000002,1654.0000000000002,0.0,0.0,0
Census Tract 2402,white,789.6,797.0999999999999,0.9498480243160949,7.499999999999886,1
Census Tract 2403,white,812.0,812.0,0.0,0.0,0
Census Tract 2002,white,765.1999999999999,767.5999999999999,0.3136434918975402,2.3999999999999773,2
Census Tract 4105,black,1624.3000000000002,1624.3000000000002,0.0,0.0,0
Census Tract 4106,black,1638.4,1638.4,0.0,0.0,0
Census Tract 1701,white,589.8,687.7,16.59884706680232,97.90000000000009,2
Census Tract 1702,white,586.5999999999999,599.1999999999999,2.1479713603818658,12.600000000000023,1
Census Tract 1703,white,646.5,742.0,14.771848414539829,95.5,2
Census Tract 3818,black,1454.0,1454.0,0.0,0.0,0
Census Tract 1705,white,949.2999999999998,1047.1999999999998,10.312862108922364,97.89999999999998,2
Census Tract 3514,black,1288.3000000000002,1288.3000000000002,0.0,0.0,0
Census Tract 3812,black,1473.8999999999999,1473.8999999999999,0.0,0.0,0
Census Tract 3814,black,1418.7999999999997,1418.7999999999997,0.0,0.0,0
Census Tract 3901,black,1425.9,1425.9,0.0,0.0,0
Census Tract 4304,black,1810.0,1837.4,1.5138121546961376,27.40000000000009,1
Census Tract 4305,black,1834.0,1834.0,0.0,0.0,0
Census Tract 4306,black,1844.6999999999998,1844.6999999999998,0.0,0.0,0
Census Tract 2307,black,930.0999999999999,933.0999999999999,0.322545962799699,3.0,5
Census Tract 2309,black,907.3999999999999,969.6999999999999,6.865770332819052,62.30000000000007,1
Census Tract 2312,black,988.5999999999999,1003.5,1.5071818733562707,14.900000000000091,5
Census Tract 1707,white,898.1,995.3,10.822848235163114,97.19999999999993,3
Census Tract 1708,white,822.0999999999999,904.1,9.9744556623282,82.00000000000011,3
Census Tract 1711,white,665.6,690.9000000000001,3.801081730769241,25.300000000000068,2
Census Tract 1901,white,681.3,715.3,4.990459415822692,34.0,2
Census Tract 2422,white,920.5999999999999,935.4,1.6076471866174311,14.800000000000068,1
Census Tract 2003,white,805.0999999999999,860.4000000000001,6.868711961247073,55.30000000000018,3
Census Tract 2104,white,667.2,667.2,0.0,0.0,0
Census Tract 2203,white,652.0,773.2,18.58895705521473,121.20000000000005,1
Census Tract 2107,white,670.2,676.6999999999999,0.9698597433601739,6.499999999999886,1
Census Tract 2108,white,654.5,654.5,0.0,0.0,0
Census Tract 2109,white,644.9,644.9,0.0,0.0,0
Census Tract 4201,black,1653.8,1653.8,0.0,0.0,0
Census Tract 4204,black,1678.6,1678.6,0.0,0.0,0
Census Tract 4205,black,1646.1,1675.6999999999998,1.7981896604094474,29.59999999999991,1
Census Tract 6913,black,1626.4,1632.9,0.3996556812592228,6.5,1
Census Tract 317,white,964.4000000000001,1009.5,4.676482787225208,45.09999999999991,1
Census Tract 4701,black,1947.5,1947.5,0.0,0.0,0
Census Tract 4801,black,1992.9999999999998,1992.9999999999998,0.0,0.0,0
Census Tract 6910,black,1624.6000000000001,1624.6000000000001,0.0,0.0,0
Census Tract 2423,white,932.6000000000001,953.3999999999999,2.230323825863149,20.799999999999727,2
Census Tract 4111,black,1655.2999999999997,1655.2999999999997,0.0,0.0,0
Census Tract 4604,black,2026.0999999999997,2029.8999999999996,0.1875524406495215,3.7999999999999545,1
Census Tract 6812,black,1643.4,1643.4,0.0,0.0,0
Census Tract 6905,black,1664.3000000000002,1664.3000000000002,0.0,0.0,0
Census Tract 2414,white,868.0,868.0,0.0,0.0,0
Census Tract 2415,white,802.9000000000001,802.9000000000001,0.0,0.0,0
Census Tract 2416,white,809.3,809.3,0.0,0.0,0
Census Tract 2420,white,877.4,883.6,0.7066332345566498,6.2000000000000455,1
Census Tract 2433,white,914.3,914.3,0.0,0.0,0
Census Tract 4912,black,2061.3999999999996,2108.8999999999996,2.3042592412923257,47.5,2
Census Tract 4803,black,1987.0,1987.0,0.0,0.0,0
Census Tract 7108,black,1793.7,1860.3,3.712995484194676,66.59999999999991,2
Census Tract 7113,black,1988.8000000000002,2045.8000000000002,2.866049879324215,57.0,3
Census Tract 102.02,white,1222.0,1339.6000000000001,9.623567921440273,117.60000000000014,5
Census Tract 4802,black,1906.6999999999998,1906.6999999999998,0.0,0.0,0
Census Tract 4804,black,2022.4,2022.4,0.0,0.0,0
Census Tract 4805,black,1873.2,1873.2,0.0,0.0,0
Census Tract 2412,white,887.7,909.0,2.3994592767826917,21.299999999999955,2
Census Tract 6911,black,1613.9,1613.9,0.0,0.0,0
Census Tract 6912,black,1633.5,1684.6,3.1282522191613045,51.09999999999991,1
Census Tract 6914,black,1687.2,1687.7000000000003,0.02963489805596416,0.5000000000002274,1
Census Tract 512,white,827.5999999999999,830.1999999999999,0.31416143064282537,2.6000000000000227,2
Census Tract 6915,black,1771.4,1771.8000000000002,0.022581009371124023,0.40000000000009095,1
Census Tract 7001,black,2075.7000000000003,2127.5,2.4955436720142465,51.79999999999973,4
Census Tract 4107,black,1633.0,1633.0,0.0,0.0,0
Census Tract 4108,black,1601.6999999999998,1601.6999999999998,0.0,0.0,0
Census Tract 4112,black,1655.2,1655.2,0.0,0.0,0
Census Tract 5306,black,2149.9,2149.9,0.0,0.0,0
Census Tract 4601,black,2057.4,2057.4,0.0,0.0,0
Census Tract 4602,black,2030.9,2030.9,0.0,0.0,0
Census Tract 4605,black,1995.2,1999.0,0.19045709703287664,3.7999999999999545,1
Census Tract 4606,black,1941.8999999999999,1941.8999999999999,0.0,0.0,0
Census Tract 4607,black,1958.5000000000002,1958.5000000000002,0.0,0.0,0
Census Tract 2413,white,906.8,911.5999999999999,0.52933392148213,4.7999999999999545,1
Census Tract 4610,black,1897.7000000000003,1897.7000000000003,0.0,0.0,0
Census Tract 6813,black,1711.1,1730.8000000000002,1.1513061773128557,19.700000000000273,1
Census Tract 6814,black,1766.5,1769.3000000000002,0.15850551938863186,2.800000000000182,1
Census Tract 601,white,873.5,921.3,5.4722381224957015,47.799999999999955,1
Census Tract 6903,black,1587.9,1587.9,0.0,0.0,0
Census Tract 6904,black,1634.9,1634.9,0.0,0.0,0
Census Tract 6909,black,1686.6,1686.6,0.0,0.0,0
Census Tract 602,white,860.8,908.6,5.552973977695175,47.80000000000007,1
Census Tract 2421,white,878.5,890.4,1.3545816733067702,11.899999999999977,1
Census Tract 2431,white,985.8,985.8,0.0,0.0,0
Census Tract 2432,white,953.0,953.0,0.0,0.0,0
Census Tract 6116,white,1718.9,1718.9,0.0,0.0,0
Census Tract 2434,white,879.3999999999999,879.3999999999999,0.0,0.0,0
Census Tract 2435,white,870.0999999999999,870.0999999999999,0.0,0.0,0
Census Tract 7111,black,1915.7,1919.5,0.19836091246019494,3.7999999999999545,2
Census Tract 2502,white,902.4,1003.3,11.181294326241133,100.89999999999998,2
Census Tract 4910,black,1936.4,1936.4,0.0,0.0,0
Census Tract 4911,black,1960.6,2006.2,2.3258186269509404,45.600000000000136,1
Census Tract 7101,black,1724.6,1780.8,3.2587266612547863,56.200000000000045,1
Census Tract 5101,black,1992.5,1992.5,0.0,0.0,0
Census Tract 5102,black,2017.7000000000003,2017.7000000000003,0.0,0.0,0
Census Tract 7103,black,1839.6,1890.6999999999998,2.7777777777777732,51.09999999999991,1
Census Tract 5202,black,2074.7,2074.7,0.0,0.0,0
Census Tract 7109,black,1730.6999999999998,1730.6999999999998,0.0,0.0,0
Census Tract 7110,black,1854.9,1854.9,0.0,0.0,0
Census Tract 7112,black,1982.1,1988.7,0.33298017254427814,6.600000000000136,2
Census Tract 7114,black,1865.2,1895.5,1.6244906712416876,30.299999999999955,2
Census Tract 7106,black,1876.2,1971.5,5.079415840528726,95.29999999999995,2
Census Tract 619.02,white,1059.8000000000002,1167.6,10.171730515191518,107.79999999999973,4
Census Tract 302,white,1064.5,1160.8000000000002,9.046500704556147,96.30000000000018,3
Census Tract 303,white,1019.9,1113.2,9.147955681929608,93.30000000000007,3
Census Tract 304,white,1032.7,1142.3,10.612956328072034,109.59999999999991,3
Census Tract 305,white,1044.3000000000002,1186.1000000000001,13.578473618691941,141.79999999999995,4
Census Tract 308,white,992.9000000000001,1142.7,15.087118541645678,149.79999999999995,3
Census Tract 2424,white,954.1,986.1999999999999,3.3644272088879474,32.09999999999991,2
Census Tract 2425,white,949.3,996.6,4.982618771726543,47.30000000000007,2
Census Tract 2426,white,948.7,1043.8,10.024243701907864,95.09999999999991,1
Census Tract 2427,white,969.0999999999999,1035.0,6.800123826230534,65.90000000000009,1
Census Tract 2428,black,1012.0999999999999,1089.7,7.667226558640465,77.60000000000014,3
Census Tract 2429,black,1020.3000000000001,1052.3999999999999,3.1461334901499356,32.099999999999795,3
Census Tract 2430,black,998.8,1020.1999999999999,2.1425710853023605,21.399999999999977,2
Census Tract 2204,white,652.3,759.0,16.35750421585161,106.70000000000005,1
Census Tract 2205,white,682.5,728.8,6.7838827838827775,46.299999999999955,1
Census Tract 318,white,948.7,981.1000000000001,3.41519974702225,32.40000000000009,5
Census Tract 2210,white,777.4000000000001,777.4000000000001,0.0,0.0,0
Census Tract 319,white,914.3,962.0999999999999,5.228043311823248,47.799999999999955,1
Census Tract 5205,black,2224.1000000000004,2224.1000000000004,0.0,0.0,0
Census Tract 7205,white,2224.4,2266.8,1.9061319906491676,42.40000000000009,1
Census Tract 4903,black,1789.9,1789.9,0.0,0.0,0
Census Tract 4904,black,1818.5,1818.5,0.0,0.0,0
Census Tract 3501,white,1292.6999999999998,1292.6999999999998,0.0,0.0,0
Census Tract 3511,black,1363.0,1363.0,0.0,0.0,0
Census Tract 2512,black,1022.4000000000001,1149.5,12.43153364632237,127.09999999999991,6
Census Tract 5701,white,1549.8,1549.8,0.0,0.0,0
Census Tract 309,white,939.3,1089.1,15.948046417544976,149.79999999999995,3
Census Tract 2506,black,965.4,1118.4,15.848353014294606,153.0000000000001,6
Census Tract 5601,white,1555.8,1781.6999999999998,14.519861164674113,225.89999999999986,1
Census Tract 321,white,963.5999999999999,1068.2000000000003,10.855126608551306,104.60000000000036,3
Census Tract 4905,black,1807.9,1807.9,0.0,0.0,0
Census Tract 4906,black,1781.6,1781.6,0.0,0.0,0
Census Tract 4907,black,1853.8000000000002,1853.8000000000002,0.0,0.0,0
Census Tract 4908,black,1829.6,1829.6,0.0,0.0,0
Census Tract 7002,black,2166.9,2311.9,6.691587059855092,145.0,4
Census Tract 7102,black,1754.2,1805.3000000000002,2.9130087789305743,51.100000000000136,1
Census Tract 7104,black,1916.7000000000003,1967.8,2.6660405905984073,51.09999999999968,1
Census Tract 7105,black,1919.3000000000002,2014.6,4.965351951232205,95.29999999999973,2
Census Tract 7107,black,1851.3,1931.2,4.3158861340679575,79.90000000000009,2
Census Tract 2510,black,960.8,1156.8000000000002,20.39966694421318,196.00000000000023,6
Census Tract 2804,black,993.8,993.8,0.0,0.0,0
Census Tract 3201,white,1078.8,1078.8,0.0,0.0,0
Census Tract 5808,white,1511.7000000000003,1511.7000000000003,0.0,0.0,0
Census Tract 3510,white,1284.9,1284.9,0.0,0.0,0
Census Tract 3602,black,1402.8000000000002,1402.8000000000002,0.0,0.0,0
Census Tract 3801,black,1448.0,1448.0,0.0,0.0,0
Census Tract 2315,black,1072.8000000000002,1072.8000000000002,0.0,0.0,0
Census Tract 2511,black,1004.8,1139.7,13.425557324840772,134.9000000000001,6
Census Tract 5502,white,2341.4,2341.4,0.0,0.0,0
Census Tract 5608,white,1887.8,2032.6,7.6703040576332215,144.79999999999995,3
Census Tract 5609,white,2050.0,2194.8,7.06341463414635,144.80000000000018,3
Census Tract 5003,black,2039.8000000000002,2039.8000000000002,0.0,0.0,0
Census Tract 5610,white,2048.6,2193.4,7.068241726056828,144.80000000000018,3
Census Tract 5611,white,1920.1000000000001,2064.7999999999997,7.53606582990467,144.6999999999996,3
Census Tract 5702,white,1587.8,1587.8,0.0,0.0,0
Census Tract 7304,black,1919.9,1965.6000000000001,2.380332308974428,45.700000000000045,1
Census Tract 7305,black,1887.0000000000002,1904.0,0.9009009009008887,16.999999999999773,1
Census Tract 7306,black,1896.8000000000002,2038.1000000000001,7.449388443694641,141.29999999999995,1
Census Tract 7307,black,1961.4999999999998,2067.0,5.378536834055582,105.50000000000023,1
Census Tract 2503,white,901.9000000000001,1017.9000000000001,12.861736334405144,116.0,6
Census Tract 2504,white,902.6000000000001,1010.5,11.954354088189657,107.89999999999986,3
Census Tract 2505,white,947.8,1006.3,6.1721882253640015,58.5,2
Census Tract 2507,black,962.0,1084.8,12.76507276507276,122.79999999999995,6
Census Tract 2508,black,946.1,1082.4,14.40651093964698,136.30000000000007,6
Census Tract 5203,black,2170.6000000000004,2170.6000000000004,0.0,0.0,0
Census Tract 5206,black,2263.8,2263.8,0.0,0.0,0
Census Tract 5602,white,1609.5,1793.0,11.401056228642435,183.5,1
Census Tract 5603,white,1668.9,1796.2,7.627778776439567,127.29999999999995,2
Census Tract 5607,white,1767.3000000000002,1912.1,8.193289198211945,144.79999999999973,3
Census Tract 7115,black,1791.6999999999998,1824.2,1.8139197410280867,32.50000000000023,1
Census Tract 7206,black,2139.7000000000003,2195.8,2.621862877973543,56.09999999999991,1
Census Tract 310,white,942.4,1025.3,8.796689303904921,82.89999999999998,4
Census Tract 5803,white,1454.7,1454.7,0.0,0.0,0
Census Tract 505,white,768.1999999999999,830.5999999999999,8.122884665451704,62.39999999999998,2
Census Tract 508,white,761.4000000000001,822.3999999999999,8.011557656947698,60.99999999999977,2
Census Tract 510,white,761.5999999999999,789.3,3.6370798319327795,27.700000000000045,2
Census Tract 514,white,780.1,806.9000000000001,3.435456992693253,26.800000000000068,3
Census Tract 819,white,949.3,949.3,0.0,0.0,0
Census Tract 2520,black,1163.7,1363.3000000000002,17.152186989774005,199.60000000000014,8
Census Tract 2603,black,1154.9,1232.8,6.745172742228752,77.89999999999986,7
Census Tract 403,white,720.6999999999999,842.3,16.872485083946167,121.60000000000002,2
Census Tract 408,white,785.1,788.6999999999999,0.4585403133358692,3.599999999999909,1
Census Tract 501,white,823.3,871.0999999999999,5.805903072998902,47.799999999999955,1
Census Tract 502,white,782.5,830.3,6.108626198083061,47.799999999999955,1
Census Tract 503,white,734.8,782.6000000000001,6.50517147523138,47.80000000000018,1
Census Tract 3802,black,1394.1999999999998,1394.1999999999998,0.0,0.0,0
Census Tract 6004,white,1220.2,1220.2,0.0,0.0,0
Census Tract 815,white,977.8,977.8,0.0,0.0,0
Census Tract 7201,black,2122.4,2265.3,6.732943837165477,142.9000000000001,2
Census Tract 7202,black,1998.5,2096.0,4.878658994245684,97.5,1
Census Tract 7203,black,2055.8999999999996,2153.3999999999996,4.742448562673283,97.5,1
Census Tract 7207,black,2056.6,2114.3999999999996,2.810463872410762,57.79999999999973,1
Census Tract 7301,black,1870.6999999999998,1870.6999999999998,0.0,0.0,0
Census Tract 7303,black,2030.1000000000001,2061.3,1.536870104920942,31.200000000000045,2
Census Tract 311,white,985.3000000000001,1108.8,12.534253526844605,123.49999999999989,3
Census Tract 312,white,1019.1,1148.0,12.648415268374052,128.89999999999998,4
Census Tract 313,white,1067.4,1222.9,14.56810942477047,155.5,5
Census Tract 314,white,1045.4,1120.5,7.183853070594978,75.09999999999991,3
Census Tract 5705,white,1707.8,1724.1999999999998,0.9602998009134479,16.399999999999864,1
Census Tract 5801,white,1411.8,1419.8000000000002,0.5666525003541739,8.000000000000227,1
Census Tract 5802,white,1418.3,1418.3,0.0,0.0,0
Census Tract 603,white,838.3,897.1999999999999,7.026124299176903,58.89999999999998,2
Census Tract 5804,white,1525.1,1525.1,0.0,0.0,0
Census Tract 5806,white,1504.0,1504.0,0.0,0.0,0
Census Tract 5303,black,2122.3,2122.3,0.0,0.0,0
Census Tract 513,white,794.7,852.1999999999999,7.23543475525354,57.499999999999886,3
Census Tract 5001,black,1983.2000000000003,1983.2000000000003,0.0,0.0,0
Census Tract 506,white,804.0,851.8,5.945273631840791,47.799999999999955,1
Census Tract 507,white,787.3,856.2,8.75142893433254,68.90000000000009,2
Census Tract 509,white,727.7,789.5999999999999,8.506252576611221,61.899999999999864,2
Census Tract 511,white,797.3,797.3,0.0,0.0,0
Census Tract 818,white,898.8,898.8,0.0,0.0,0
Census Tract 901,white,471.1,473.8,0.5731267246869005,2.6999999999999886,1
Census Tract 902,white,393.20000000000005,393.20000000000005,0.0,0.0,0
Census Tract 903,white,345.9000000000001,345.9000000000001,0.0,0.0,0
Census Tract 1001,white,307.6,307.6,0.0,0.0,0
Census Tract 2602,black,1117.2,1195.1,6.972789115646245,77.89999999999986,7
Census Tract 1002,white,361.40000000000003,361.40000000000003,0.0,0.0,0
Census Tract 2601,black,1154.0,1229.0,6.499133448873485,75.0,8
Census Tract 624,white,868.8,895.9000000000001,3.119244935543294,27.100000000000136,2
Census Tract 4913,black,2032.9,2032.9,0.0,0.0,0
Census Tract 7204,white,2219.0,2317.6000000000004,4.443442992338908,98.60000000000036,1
Census Tract 5304,black,2265.9,2381.8,5.114965355929215,115.90000000000009,3
Census Tract 634,white,960.1,1033.0,7.592959066763877,72.89999999999998,3
Census Tract 7506,black,2026.0,2026.0,0.0,0.0,0
Census Tract 401,white,890.3,1021.5,14.736605638548811,131.20000000000005,3
Census Tract 406,white,840.3000000000001,889.9,5.902653814113996,49.59999999999991,4
Census Tract 407,white,774.1,823.0999999999999,6.329931533393604,48.999999999999886,3
Census Tract 409,white,835.5,876.9000000000001,4.95511669658888,41.40000000000009,2
Census Tract 816,white,958.0,958.0,0.0,0.0,0
Census Tract 817,white,938.6,938.6,0.0,0.0,0
Census Tract 2513,black,1023.2,1200.6,17.337763878029698,177.39999999999986,6
Census Tract 2514,black,1099.8,1287.5,17.066739407164945,187.70000000000005,7
Census Tract 2515,black,1097.5,1226.6,11.763097949886097,129.0999999999999,7
Census Tract 2519,black,1186.4,1302.3000000000002,9.76904922454485,115.90000000000009,8
Census Tract 2607,black,1183.2,1261.1,6.583840432724802,77.89999999999986,7
Census Tract 6009,white,1302.7,1302.7,0.0,0.0,0
Census Tract 6112,white,1602.2,1602.2,0.0,0.0,0
Census Tract 628,white,881.4000000000001,943.5,7.045609257998628,62.09999999999991,3
Census Tract 629,white,911.2000000000002,980.0,7.550482879719032,68.79999999999984,3
Census Tract 630,white,941.3,1012.9000000000001,7.606501646658891,71.60000000000014,3
Census Tract 631,white,1002.7,1024.4,2.1641567767029066,21.700000000000045,3
Census Tract 632,white,1065.8,1248.8,17.170200788140363,183.0,4
Census Tract 1102,white,336.2,336.2,0.0,0.0,0
Census Tract 2516,black,1111.3,1218.2,9.61936470799965,106.90000000000009,2
Census Tract 2517,black,1046.3,1237.6999999999998,18.293032591035065,191.39999999999986,7
Census Tract 2518,black,1101.6999999999998,1303.1,18.280838703821377,201.4000000000001,7
Census Tract 5703,white,1673.0,1673.0,0.0,0.0,0
Census Tract 5704,white,1625.0,1625.0,0.0,0.0,0
Census Tract 1006,white,219.7,219.7,0.0,0.0,0
Census Tract 622,white,952.4,981.3,3.0344393112137733,28.899999999999977,2
Census Tract 1007,white,308.1,308.1,0.0,0.0,0
Census Tract 2610,black,1249.3000000000002,1302.3999999999999,4.250380212919209,53.09999999999968,7
Census Tract 626,white,824.6,886.1,7.458161532864419,61.5,3
Census Tract 1101,white,391.90000000000003,391.90000000000003,0.0,0.0,0
Census Tract 2609,black,1246.4,1299.4999999999998,4.260269576379948,53.09999999999968,7
Census Tract 2705,black,1220.5,1220.5,0.0,0.0,0
Census Tract 5201,black,2065.9,2065.9,0.0,0.0,0
Census Tract 6114,white,1646.8000000000002,1646.8000000000002,0.0,0.0,0
Census Tract 6103,white,1544.1,1544.1,0.0,0.0,0
Census Tract 6108,white,1409.3999999999999,1409.3999999999999,0.0,0.0,0
Census Tract 6110,white,1528.1,1528.1,0.0,0.0,0
Census Tract 627,white,852.7,911.5,6.895742934208977,58.799999999999955,3
Census Tract 1203,white,581.8,639.7,9.951873496046767,57.90000000000009,2
Census Tract 2718,black,1187.8,1187.8,0.0,0.0,0
Census Tract 5204,black,2082.4,2082.4,0.0,0.0,0
Census Tract 2605,black,1194.8,1321.8,10.629394040843657,127.0,8
Census Tract 2606,black,1218.5,1296.4,6.393106278210922,77.90000000000009,7
Census Tract 5807,white,1468.6999999999998,1468.6999999999998,0.0,0.0,0
Census Tract 612,white,879.4000000000001,981.0,11.553331817148043,101.59999999999991,2
Census Tract 5905,white,1354.3,1354.3,0.0,0.0,0
Census Tract 5906,white,1353.4,1353.4,0.0,0.0,0
Census Tract 5907,white,1417.3,1417.3,0.0,0.0,0
Census Tract 6006,white,1219.9,1219.9,0.0,0.0,0
Census Tract 6007,white,1266.9,1266.9,0.0,0.0,0
Census Tract 604,white,890.8,992.4000000000001,11.405478221823097,101.60000000000014,2
Census Tract 605,white,885.3,1026.5,15.94939568507851,141.20000000000005,3
Census Tract 609,white,1029.3,1189.2,15.534829495773836,159.9000000000001,3
Census Tract 610,white,938.8,1040.4,10.822326374094605,101.60000000000014,2
Census Tract 620,white,981.4000000000001,1040.0,5.971061748522509,58.59999999999991,2
Census Tract 621,white,935.0,1005.6,7.550802139037435,70.60000000000002,2
Census Tract 2604,black,1131.7999999999997,1270.5,12.254815338399037,138.70000000000027,7
Census Tract 2608,black,1183.0,1238.7,4.708368554522405,55.700000000000045,7
Census Tract 6308,white,1757.2000000000003,1780.5,1.3259731390848921,23.299999999999727,2
Census Tract 1003,white,202.60000000000002,202.60000000000002,0.0,0.0,0
Census Tract 1004,white,279.6,279.6,0.0,0.0,0
Census Tract 1005,white,295.9,295.9,0.0,0.0,0
Census Tract 2831,white,1091.4,1091.4,0.0,0.0,0
Census Tract 2712,black,1143.0,1205.6,5.4768153980752325,62.59999999999991,2
Census Tract 6104,white,1569.8000000000002,1569.8000000000002,0.0,0.0,0
Census Tract 6111,white,1565.1999999999998,1565.1999999999998,0.0,0.0,0
Census Tract 6113,white,1619.4,1619.4,0.0,0.0,0
Census Tract 623,white,925.4,928.8000000000001,0.36740868813487043,3.400000000000091,2
Census Tract 625,white,839.2,863.0,2.836034318398469,23.799999999999955,2
Census Tract 707,white,777.2,830.0,6.7936181163149705,52.799999999999955,3
Census Tract 711,white,876.0999999999999,876.0999999999999,0.0,0.0,0
Census Tract 713,white,946.0,946.0,0.0,0.0,0
Census Tract 1402,white,641.4,714.4,11.381353289678827,73.0,3
Census Tract 706,white,813.3000000000001,856.4,5.29939751629164,43.09999999999991,2
Census Tract 1204,white,441.09999999999997,496.4,12.53683971888461,55.30000000000001,1
Census Tract 1301,white,681.9000000000001,739.8,8.490981082270107,57.899999999999864,2
Census Tract 1302,white,663.2,828.8,24.969843184559696,165.5999999999999,2
Census Tract 1401,white,728.8000000000001,791.8,8.644346871569688,62.999999999999886,3
Census Tract 2832,white,1075.9,1075.9,0.0,0.0,0
Census Tract 1404,white,490.1,538.8,9.936747602530081,48.69999999999993,2
Census Tract 2924,white,1418.4,1442.5,1.699097574732086,24.09999999999991,8
Census Tract 2827,black,1167.3,1167.3,0.0,0.0,0
Census Tract 2925,white,1440.0,1504.8,4.499999999999997,64.79999999999995,8
Census Tract 3006,white,1479.9,1479.9,0.0,0.0,0
Census Tract 3007,white,1453.0,1453.0,0.0,0.0,0
Census Tract 2828,black,1163.8000000000002,1163.8000000000002,0.0,0.0,0
Census Tract 2838,white,1127.8999999999999,1143.5,1.38310133877118,15.600000000000136,1
Census Tract 2909,white,1356.3000000000002,1436.2,5.89102705891026,79.89999999999986,10
Census Tract 2916,white,1340.4,1340.4,0.0,0.0,0
Census Tract 6302,white,1613.5,1613.5,0.0,0.0,0
Census Tract 2713,black,1158.8000000000002,1223.3000000000002,5.566102865032792,64.5,1
Census Tract 2809,black,1116.4,1118.5,0.18810462199927525,2.099999999999909,1
Census Tract 6117,white,1717.4,1717.4,0.0,0.0,0
Census Tract 6121,white,1557.4,1564.0,0.42378322845768,6.599999999999909,1
Census Tract 703,white,914.3000000000001,949.9000000000001,3.89368916110686,35.60000000000002,2
Census Tract 3005,white,1507.1,1514.1999999999998,0.4711034436998149,7.099999999999909,9
Census Tract 2912,white,1316.6999999999998,1316.6999999999998,0.0,0.0,0
Census Tract 6203,white,1805.6,1837.6,1.7722640673460348,32.0,2
Census Tract 6204,white,1784.5,1784.5,0.0,0.0,0
Census Tract 6301,white,1646.2,1646.2,0.0,0.0,0
Census Tract 6303,white,1690.6,1734.1999999999998,2.578966047557075,43.59999999999991,1
Census Tract 6304,white,1691.1,1712.0,1.2358819703151849,20.90000000000009,1
Census Tract 6305,white,1673.3,1674.9,0.09561943465010078,1.6000000000001364,1
Census Tract 1103,white,283.9,283.9,0.0,0.0,0
Census Tract 1104,white,312.1,312.1,0.0,0.0,0
Census Tract 2801,white,965.4,965.4,0.0,0.0,0
Census Tract 1201,white,556.5,565.3,1.5813117699910073,8.799999999999955,1
Census Tract 2808,black,1151.9,1151.9,0.0,0.0,0
Census Tract 1202,white,537.5,537.5,0.0,0.0,0
Census Tract 2714,black,1190.0,1205.6,1.3109243697478914,15.599999999999909,1
Census Tract 710,white,841.1,841.1,0.0,0.0,0
Census Tract 2819,white,942.2,942.2,0.0,0.0,0
Census Tract 5501,white,2492.6,2492.6,0.0,0.0,0
Census Tract 712,white,911.0,911.0,0.0,0.0,0
Census Tract 6115,white,1655.4,1655.4,0.0,0.0,0
Census Tract 6118,white,1695.9,1713.2,1.0201073176484434,17.299999999999955,1
Census Tract 6119,white,1647.7,1658.3,0.6433209928991873,10.599999999999909,1
Census Tract 6120,white,1605.6999999999998,1605.6999999999998,0.0,0.0,0
Census Tract 6201,white,1696.4,1696.4,0.0,0.0,0
Census Tract 6202,white,1741.1999999999998,1757.6,0.9418791637950891,16.40000000000009,1
Census Tract 702,white,944.7,995.1000000000001,5.335026992696103,50.40000000000009,3
Census Tract 704,white,881.2,916.8,4.03994552882432,35.59999999999991,2
Census Tract 705,white,847.8,884.9,4.376032083038455,37.10000000000002,2
Census Tract 1303,white,732.5,820.4,11.999999999999996,87.89999999999998,2
Census Tract 2922,white,1383.2,1383.2,0.0,0.0,0
Census Tract 6309,white,1757.4,1825.0,3.8465915557072896,67.59999999999991,2
