Unnamed: 0,majority,shortest_path,shortest_restricted_path,relative_increase,absolute_increase,n_cameras,flow_weight,income
Census Tract 8424,black,885.3341913143815,885.3341913143815,0.0,0.0,0.0,229.3874,72616.0
Census Tract 8403,white,684.660643127557,684.7178842230038,8.360506189651055e-05,0.0572410954467841,1.0,263.182,65909.0
Census Tract 8411,white,332.4733355588202,332.57043634635795,0.0002920558647944,0.0971007875377267,0.0587003105266705,3287.2266,48542.0
Census Tract 8412,white,501.1104427078906,503.0550511473926,0.0038805985143588,1.9446084395019625,0.3519193091211055,1741.2781,60498.0
Census Tract 8390,white,430.9291961227552,487.2904845359097,0.1307901365706011,56.36128841315451,1.1380527325900305,8513.0689,110306.0
Census Tract 6503.01,white,416.1303459066643,443.016239501315,0.0646093077784841,26.885893594650724,1.4774347308284572,1934.2592,59569.0
Census Tract 7608.03,white,1042.9809436658572,1042.9809436658572,0.0,0.0,0.0,181.7757,63155.0
Census Tract 306.01,white,607.3090286933143,662.1584904199842,0.0903155710440926,54.84946172666992,1.2061142130890146,4619.3287,51808.0
Census Tract 306.04,white,678.8662109970448,696.7365860369262,0.0263238540236599,17.87037503988131,0.8593747312379771,1058.0922,49816.0
Census Tract 208.01,white,589.8464283881685,640.0908146294048,0.0851821488154731,50.24438624123627,1.709978894962902,4696.4075,71953.0
Census Tract 5401.02,black,629.1750127976211,632.8730754843727,0.0058776375595531,3.698062686751655,0.4793187103282529,3898.5238,28711.0
Census Tract 8433,white,498.0758138338664,498.0758138338664,0.0,0.0,0.0,68.4132,41250.0
Census Tract 5401.01,black,700.9313824617002,700.9313824617002,0.0,0.0,0.0,1031.7427,16712.0
Census Tract 4402.01,black,522.2704670842272,524.0485024041446,0.003404433970475,1.7780353199174217,0.0295940429433986,3853.2721,34355.0
Census Tract 802.02,white,282.53040365247256,286.83644656952424,0.0152409895054988,4.306042917051684,0.6064993069265712,795.0817000000001,103948.0
Census Tract 701.02,white,485.02199220704665,519.5769868745143,0.0712441811354335,34.55499466746767,2.045165341226447,1753.2961,92641.0
Census Tract 315.01,white,922.0508046577148,927.3766047028048,0.0057760375222132,5.325800045089864,0.6247097864660913,1154.1071,48889.0
Census Tract 315.02,white,663.5474432692758,665.3660410347082,0.002740720025191,1.8185977654324008,0.2224138084450462,736.7151,47188.0
Census Tract 8348,black,111.47062566595883,111.47062566595883,0.0,0.0,0.0,549.8501,20771.0
Census Tract 1605.02,white,614.725756064588,660.2587077724392,0.0740703496781206,45.53295170785111,2.0,73.6225,100147.0
Census Tract 1407.02,white,744.286232071047,759.1650001395842,0.0199906533634722,14.87876806853717,0.8369093506871949,1835.2726,73571.0
Census Tract 8420,white,123.15513152919608,123.15513152919608,0.0,0.0,0.0,1588.7831,116875.0
Census Tract 1504.02,white,588.0315439744817,628.3902350470985,0.0686335477852668,40.35869107261681,2.923267473798289,1715.0693,97986.0
Census Tract 8344,black,330.2466710476492,342.9407035565639,0.038438033209071,12.694032508914688,0.6348158603603908,2799.3891,33768.0
Census Tract 402.01,white,684.0289574833364,725.1934491298036,0.0601794576035475,41.16449164646724,2.187534884357246,2697.7307,99624.0
Census Tract 402.02,white,558.7465626445628,615.9443253147923,0.1023679902378476,57.19776267022951,2.147544752708533,3008.9352,58293.0
Census Tract 207.02,white,346.4001687862125,356.58784500059267,0.0294101364040261,10.18767621438019,0.75,5269.8532,68897.0
Census Tract 208.02,white,619.6903352427966,674.6319767759104,0.0886598328366498,54.94164153311385,2.778800961829556,790.4519,62212.0
Census Tract 203.01,white,1254.7847448283733,1291.3882732173834,0.0291711614600611,36.60352838901008,5.0,649.6234,73539.0
Census Tract 8387,white,507.8897040021101,523.9117499374348,0.0315463097776405,16.02204593532474,0.3333333333333333,207.5595,21834.0
Census Tract 206.01,white,383.6376631565854,424.52230809745305,0.1065709883760296,40.884644940867645,2.28958803790778,1546.0573000000002,61046.0
Census Tract 8415,white,600.1417354795914,605.6674579651191,0.0092073624593229,5.525722485527695,1.0,615.7184,26950.0
Census Tract 8386,black,181.60367663820367,185.596044465578,0.0219839592528073,3.992367827374266,0.6000000000000001,3037.8335,18537.0
Census Tract 8373,black,163.31222963545727,163.31222963545727,0.0,0.0,0.0,953.8564,18949.0
Census Tract 206.02,white,792.0858618699498,817.9548350736999,0.0326593043116296,25.8689732037501,2.2750945308416064,1873.3833,83839.0
Census Tract 633.01,white,526.3200456008449,548.2935859272845,0.0417493890078892,21.97354032643966,1.7420717166012256,2313.9719,66447.0
Census Tract 8378,black,342.1779228547558,346.5873838562711,0.0128864567436952,4.409461001515297,0.5,137.2054,58681.0
Census Tract 8369,black,488.10743934133177,490.5891445100491,0.0050843420294233,2.481705168717326,0.8325711282332502,412.4874,25650.0
Census Tract 107.01,white,777.7367829832384,804.8655493112618,0.0348816809511863,27.128766328023403,1.2883740754038984,1685.5468,70542.0
Census Tract 301.03,white,844.7844019661802,918.1745782130168,0.0868744452146911,73.39017624683652,1.1666666666666663,441.735,53684.0
Census Tract 633.03,white,1081.1168484376692,1081.1168484376692,0.0,0.0,0.0,670.3362999999999,102500.0
Census Tract 301.02,white,948.765620817774,1028.8426555718752,0.0844012820416913,80.0770347541013,1.617463352945772,751.3769,55067.0
Census Tract 105.02,white,510.3537782040413,539.7354255622852,0.0575711371465481,29.381647358243868,1.7000875578100243,2005.638,55813.0
Census Tract 105.03,white,200.07900171246865,204.3589205567264,0.0213911445360389,4.279918844257793,0.275694952848401,7953.813000000002,18750.0
Census Tract 107.02,white,140.572240258793,140.572240258793,0.0,0.0,0.0,3715.8567,52193.0
Census Tract 8371,black,482.75271439496737,485.5155756377312,0.0057231397367211,2.762861242763848,0.5,138.8268,48880.0
Census Tract 8370,black,203.91823144671608,215.32198092008383,0.0559231481778889,11.403749473367752,0.5264685189805312,1300.2692,41023.0
Census Tract 102.01,white,964.4976686505933,993.331951317894,0.0298956478636618,28.83428266730096,2.04082170571403,2807.8763,61071.0
Census Tract 404.01,white,517.6600573653407,550.8567465968657,0.0641283575180233,33.196689231525056,1.714424824455709,6635.2343,107083.0
Census Tract 1605.01,white,409.0953320608726,450.7372766687522,0.1017903196257526,41.64194460787962,1.432487157220934,6306.8904,73946.0
Census Tract 1906.02,white,1033.316763228062,1129.6800750294867,0.0932563132919547,96.36331180142474,4.05425344903374,1357.0105,61308.0
Census Tract 8402,white,258.82753520374285,258.82753520374285,0.0,0.0,0.0,147.4062,41359.0
Census Tract 207.01,white,1002.0647381695976,1002.0647381695976,0.0,0.0,0.0,73.7997,92024.0
Census Tract 8314,black,487.9193991621093,488.1341918084351,0.000440221574905,0.2147926463258613,0.0928998632524202,810.252,33210.0
Census Tract 105.01,white,802.5136937018683,834.9150399096937,0.0403748203452618,32.40134620782544,1.852469483576252,1378.0776,47858.0
Census Tract 8330,white,341.46950997853435,354.1345478512634,0.0370898059786515,12.665037872729044,0.3304146809343218,4245.2012,192608.0
Census Tract 2521.01,black,625.5394483379689,625.5394483379689,0.0,0.0,0.0,734.2929,35574.0
Census Tract 2521.02,black,538.5379774700481,550.371140456471,0.0219727549058155,11.833162986422964,0.5,149.151,47255.0
Census Tract 2522.02,black,911.9545706218717,1069.704591672216,0.1729801309540811,157.75002105034423,10.0,150.1429,41167.0
Census Tract 2206.01,white,464.9992978410476,504.8987204319683,0.0858053394406623,39.89942259092072,2.1978176166947785,3213.7337,120427.0
Census Tract 2105.02,white,405.3806832823629,434.3220312536943,0.0713930119634553,28.941347971331425,1.0922065120249105,1108.3035,74855.0
Census Tract 2206.02,white,613.0579287623751,647.6558572079886,0.0564350069094755,34.597928445613434,2.92182790081791,9184.8397,61875.0
Census Tract 2209.01,white,401.9939442578016,417.05011930821945,0.0374537359716102,15.056175050417892,1.0,2462.8736,62917.0
Census Tract 2004.01,white,600.4242097228173,646.1578355343906,0.0761688570697141,45.73362581157335,1.5,147.9186,70046.0
Census Tract 2004.02,white,79.7810961819533,79.7810961819533,0.0,0.0,0.0,784.0115,77288.0
Census Tract 1913.01,white,853.3419415227575,957.60038561308,0.1221766316844538,104.25844409032266,3.0,300.2858,55759.0
Census Tract 1906.01,white,584.0465109524614,657.680608434245,0.126075742429659,73.63409748178356,3.293057795469271,602.8258000000001,71176.0
Census Tract 1907.01,white,1224.268358351277,1363.2062891199084,0.1134864997701481,138.93793076863176,6.0,75.1491,64063.0
Census Tract 1904.02,white,636.442194926256,674.3048840234479,0.0594911673032286,37.86268909719195,3.5393890673517925,466.4835,56523.0
Census Tract 8321,white,526.3449879438313,540.9648216368487,0.0277761430770526,14.619833693017426,0.5515814630708638,4043.8219,79985.0
Census Tract 8428,white,233.7882028645093,237.99499576980745,0.0179940341460946,4.206792905298073,0.3333333333333333,2462.8736,49020.0
Census Tract 8333,white,211.04969046147303,211.4622099139953,0.0019546081854953,0.4125194525222468,0.0433201270629071,3183.4625,85096.0
Census Tract 8329,white,325.7940795407775,343.7001375320711,0.0549612749763073,17.906057991293608,0.2867626671010465,2632.4117,75878.0
Census Tract 8381,black,187.6900653018461,187.9167316443491,0.0012076629742683,0.2266663425030515,0.0735277105199524,1076.197,26000.0
Census Tract 307.06,white,758.2968061547489,774.2239277211564,0.0210038093753453,15.92712156640755,1.0,2732.5898,54143.0
Census Tract 3815,black,828.3014471344018,943.6253245729648,0.1392293564589782,115.32387743856316,1.2188196469774102,518.777,23288.0
Census Tract 8331,white,265.0699056296168,270.6601280978469,0.0210896157938101,5.590222468230138,0.6157398835846569,7485.6323,160114.0
Census Tract 8391,white,255.18056848128973,258.2742000651072,0.0121233039107532,3.093631583817455,0.1737578495476655,3043.0518,122978.0
Census Tract 812.01,white,209.5716046102492,210.91962896339297,0.0064322853072139,1.3480243531437566,0.1528292756941666,906.2125,128955.0
Census Tract 1504.01,white,397.8208348464639,505.4745315427997,0.2706084932376253,107.65369669633576,1.306606465658308,3467.5574,77908.0
Census Tract 1505.01,white,902.2019866538172,902.2019866538172,0.0,0.0,0.0,286.9586,122434.0
Census Tract 8430,black,326.97284823420057,326.97284823420057,0.0,0.0,0.0,1231.4368,23587.0
Census Tract 8429,white,1335.041213152996,1335.041213152996,0.0,0.0,0.0,267.3953,19304.0
Census Tract 8421,black,658.7630436144855,735.8080653425967,0.1169540739647179,77.04502172811124,2.1398085999747307,2278.3999,50907.0
Census Tract 8419,white,294.3218810564625,302.0924306193517,0.0264015354040175,7.770549562889244,0.3906997623941853,5278.9533,131803.0
Census Tract 802.01,white,401.9851765320563,412.8637579217003,0.0270621456330654,10.878581389644012,0.6961968655785609,681.1592,112708.0
Census Tract 701.01,white,587.5164044141582,775.3077001852542,0.3196358337574457,187.7912957710961,1.2524280781397588,1532.8892999999998,93523.0
Census Tract 404.02,white,537.6763031023495,564.1203308872714,0.049182059228465,26.4440277849219,1.3258731155112051,6424.1958,94132.0
Census Tract 2207.02,white,655.3003042492005,706.3354843003415,0.077880598742608,51.03518005114097,3.7130500923937095,1336.4005,79969.0
Census Tract 8422,white,356.225482642119,373.3686035220127,0.0481243530158016,17.143120879893672,1.0,653.0609000000001,102036.0
Census Tract 8437,white,269.13198120180493,300.7125131183953,0.1173421745552795,31.580531916590417,0.6835770546142331,2383.939,191384.0
Census Tract 8350,white,765.3110325247203,791.6246271756174,0.0343828764157364,26.31359465089713,2.058152363403688,1969.8116,33857.0
Census Tract 8423,white,255.9759688867589,263.59280941745294,0.0297560765716396,7.616840530694048,0.0739428229532887,3538.2555,167407.0
Census Tract 2302,white,453.047833415925,509.7422868395052,0.1251401049556091,56.69445342358017,1.0,298.6046,72083.0
Census Tract 8351,white,662.5313987903049,685.3400570468631,0.0344265317812918,22.808658256558147,2.0,582.7922,47049.0
Census Tract 1510.01,white,652.8739777799858,681.0906539732349,0.0432191772893082,28.2166761932491,1.4813014169779808,309.0662,93879.0
Census Tract 1510.02,white,764.3566923478793,787.8052276837873,0.0306774776366266,23.44853533590799,1.0,147.245,75893.0
Census Tract 1606.02,white,457.5553524683053,475.2596891636186,0.0386933222391702,17.70433669531326,1.2174522033579702,2911.0204,84955.0
Census Tract 1406.01,white,472.93890099200775,507.7228837471662,0.0735485761103552,34.78398275515843,1.0,298.893,87045.0
Census Tract 1407.01,white,791.8715772299182,795.1758934963354,0.0041727931162477,3.3043162664172314,0.2855791822068211,516.3237,92212.0
Census Tract 1406.02,white,540.6884807749427,572.931142116122,0.0596326026679308,32.242661341179314,1.6700092590975,3909.5603,59962.0
Census Tract 3905,black,454.1296609899914,454.1296609899914,0.0,0.0,0.0,1815.8729,58194.0
Census Tract 8426,white,571.4967436069073,571.4967436069073,0.0,0.0,0.0,1012.9278,90521.0
Census Tract 8435,white,534.8730143820694,534.8730143820694,0.0,0.0,0.0,229.3574,52875.0
Census Tract 8434,white,430.4522677858173,430.4522677858173,0.0,0.0,0.0,758.862,32404.0
Census Tract 1403.02,white,600.7497605942062,680.651393859271,0.1330031878598394,79.90163326506479,3.003113309161929,372.7545,62478.0
Census Tract 1105.01,white,841.3215286132033,880.0666188582386,0.0460526551708488,38.74509024503527,2.3167473597128487,642.9509,101220.0
Census Tract 3904,black,158.58364308261736,158.58364308261736,0.0,0.0,0.0,2369.5076,27232.0
Census Tract 8432,white,548.9199686721079,550.0760126037453,0.0021060336617631,1.1560439316374411,0.5,139.1426,66172.0
Census Tract 1105.02,white,605.8942619273681,627.3176508401702,0.0353582964206554,21.423388912802125,0.4987769529219458,887.1501,71440.0
Census Tract 8343,black,749.2650826907206,759.3313739886862,0.0134348864380761,10.066291297965565,0.4892297905252749,5686.5439,52973.0
Census Tract 8439,black,1030.6617121924864,1035.950156233645,0.0051311152617754,5.288444041158527,0.4443420626907678,410.4464,56926.0
Census Tract 8312,white,553.3800281592978,605.3565800112171,0.0939256012270779,51.97655185191934,3.0,565.7271000000001,55326.0
Census Tract 8316,white,643.4355290137771,673.1828397441709,0.046231998994505,29.747310730393792,1.0,1325.2058,63839.0
Census Tract 8315,white,938.5149871079155,1073.4229798127335,0.1437462316084524,134.90799270481818,6.5,147.245,76914.0
Census Tract 8311,white,551.0760382699981,578.4095030614044,0.049600169292816,27.3334647914063,1.5352944965762871,4753.2966,96318.0
Census Tract 8317,white,694.981078463366,707.1607659186919,0.0175252072793921,12.17968745532596,1.53651215677406,1328.5648,44653.0
Census Tract 2715,black,366.9416415141575,368.09768544579504,0.003150484439071,1.156043931637555,0.5,727.2468,42171.0
Census Tract 4402.02,black,289.36941940552526,289.36941940552526,0.0,0.0,0.0,2703.9965,31537.0
Census Tract 4401.02,black,851.3406013299469,851.3406013299469,0.0,0.0,0.0,2302.3961,40565.0
Census Tract 306.03,white,341.54209455676704,368.6152762020886,0.0792674814518998,27.07318164532154,1.0204544741002135,3621.4913,54300.0
Census Tract 307.01,white,890.749657096381,913.5108393882028,0.0255528386797447,22.7611822918218,1.5,147.245,47614.0
Census Tract 8363,black,601.3350301342476,601.3350301342476,0.0,0.0,0.0,2769.2521,64722.0
Census Tract 8383,white,273.9649848346314,280.78687182949113,0.0249005799006668,6.82188699485971,0.5601193087730586,1590.6961,112381.0
Census Tract 8398,white,394.928907859664,394.928907859664,0.0,0.0,0.0,897.3455,77560.0
Census Tract 8366,black,767.181771159004,794.5619212960926,0.0356892605721386,27.38015013708855,1.0,70.8254,80763.0
Census Tract 7302.02,black,1478.530869876752,1533.8949302509573,0.0374453192031223,55.36406037420511,3.0,114.0339,78819.0
Census Tract 4301.01,black,843.0815205868219,847.4505722375175,0.0051822410336482,4.36905165069561,0.4819592206900805,1790.2608,32264.0
Census Tract 633.02,white,354.25872180665067,357.7016463903659,0.0097186727433469,3.44292458371524,0.1392895062768513,1270.6291,94173.0
Census Tract 8362,black,195.29154570939212,195.29154570939212,0.0,0.0,0.0,1855.4325,146250.0
Census Tract 714,white,312.1631684869747,328.66902040107107,0.0528757187918698,16.505851914096354,0.4957039674459155,1804.4556,118295.0
Census Tract 8401,white,383.21028364826014,383.21028364826014,0.0,0.0,0.0,211.909,66765.0
Census Tract 5805.02,white,890.7130297471892,895.6756251372375,0.0055714862411486,4.96259539004825,0.4027690752958773,5604.616,46853.0
Census Tract 8414,white,293.8932946090114,294.66399056343647,0.0026223665818929,0.7706959544250935,0.3333333333333333,223.8162,
Census Tract 814.01,white,644.7188407778956,647.7323607533355,0.0046741614868953,3.0135199754398627,0.8516971348714877,436.7832,74432.0
Census Tract 814.03,white,278.39249763463795,309.4447999192085,0.11154144794995,31.052302284570544,0.4927075248331219,2058.995,114052.0
Census Tract 307.03,white,750.6652967427765,830.6280697227364,0.1065225385094097,79.96277297995994,1.9479495596055083,1409.3387,56667.0
Census Tract 8360,black,349.2508146490806,350.5001222435071,0.0035771071734844,1.2493075944265115,0.25,2728.5864,77292.0
Census Tract 8358,black,586.8689863080722,599.5254741105575,0.0215661213963714,12.656487802485344,0.2106575945615861,1352.8062,79868.0
Census Tract 8359,black,359.1475246830433,359.1475246830433,0.0,0.0,0.0,687.0368,
Census Tract 8345,black,674.4189351882957,674.4189351882957,0.0,0.0,0.0,532.2428,48393.0
Census Tract 8436,black,728.3666748472242,730.8979657149316,0.0034752974773843,2.531290867707412,0.5,229.9624,55250.0
Census Tract 5805.01,white,685.2993513428428,685.2993513428428,0.0,0.0,0.0,610.4733,45854.0
Census Tract 8346,black,536.3321177210034,538.7775796558174,0.0045596037492687,2.4454619348139204,1.0,114.6652,26304.0
Census Tract 8318,white,745.5369431672256,776.9532993166025,0.0421392345977014,31.416356149376952,2.756593240994501,2883.3891,80471.0
Census Tract 716,white,255.2001909146485,255.2001909146485,0.0,0.0,0.0,297.1148,230313.0
Census Tract 8326,white,353.90004963102245,369.1661916810072,0.0431368745664243,15.26614204998475,0.5232129561027573,2222.9962,201563.0
Census Tract 619.01,white,392.11530524627017,408.4006673103884,0.0415320744848002,16.28536206411826,1.1869414573671926,4867.6902,61563.0
Census Tract 8399,white,782.3424392031901,801.693799018108,0.0247351528502367,19.35135981491794,0.8659479696698014,969.858,100217.0
Census Tract 301.04,white,167.96657801651384,171.62285915596888,0.02176790872703,3.656281139455048,0.1544464843377556,2203.3277,45865.0
Census Tract 8397,white,494.9090836881813,498.6322418919595,0.0075229134531788,3.723158203778212,0.1774598296324418,1654.4347,83498.0
Census Tract 8339,black,779.3543671627076,779.3543671627076,0.0,0.0,0.0,284.0155,39602.0
Census Tract 8368,black,352.5600745635602,374.8220621161951,0.0631438133776019,22.26198755263488,0.6625494516136843,206.515,19453.0
Census Tract 8388,black,1123.7410614937407,1123.7410614937407,0.0,0.0,0.0,259.371,29120.0
Census Tract 8367,black,510.1463803487202,518.2977742718141,0.0159785391744263,8.151393923093849,1.0,68.4352,51434.0
Census Tract 8322,white,278.24921472452195,278.70380934863937,0.0016337678601087,0.4545946241174192,0.2131431873335872,1295.8744,150682.0
Census Tract 2522.01,black,729.5189532431001,789.5998054375139,0.0823568077667103,60.08085219441375,1.0,75.429,47979.0
Census Tract 8310,white,217.0019439792821,217.0019439792821,0.0,0.0,0.0,68.7339,177500.0
Census Tract 8324,white,526.2831855745164,540.0787671316335,0.0262132288001129,13.795581557117089,0.8671841968568518,3642.2708,132226.0
Census Tract 701.03,white,360.9966025239762,392.5026159224405,0.0872750967133318,31.50601339846424,1.0003137359201228,715.8887,78125.0
Census Tract 2207.01,white,647.9025709099334,674.9983987277337,0.0418208370121855,27.09582781780034,2.126183044271656,2125.1001,75625.0
Census Tract 6603.02,white,373.4733583756341,388.7468045206994,0.0408956778376237,15.27344614506535,1.3111992969619062,4417.7407,44329.0
Census Tract 3018.02,white,896.0837313361924,896.9166732538772,0.0009295358107247,0.8329419176848205,0.150739006503946,836.2307999999999,33668.0
Census Tract 8340,black,559.6643216747626,562.1483664055608,0.004438454685417,2.484044730798132,0.2,1983.1467,39194.0
Census Tract 8342,black,488.36066069041175,488.36066069041175,0.0,0.0,0.0,456.1356,57270.0
Census Tract 7302.01,black,876.1727616955351,913.7858975407668,0.0429289033962253,37.61313584523157,1.872656547909595,1511.3121,62083.0
Census Tract 8355,white,635.0653934025272,643.346595353469,0.0130399200412623,8.28120195094175,0.5745327357942509,4484.332,18304.0
Census Tract 8395,white,378.85550509433017,378.85550509433017,0.0,0.0,0.0,7804.418000000001,
Census Tract 8392,white,836.5894864956462,871.1681170391533,0.0413328533309115,34.57863054350719,0.9584304070777032,2121.8717,43090.0
Census Tract 8404,white,720.0052492319438,732.9201306139014,0.0179372044797372,12.91488138195757,0.5840369888957175,2553.2852,71667.0
Census Tract 8410,white,382.6463419678466,382.6463419678466,0.0,0.0,0.0,206.1207,103750.0
Census Tract 301.01,white,610.3397656334444,692.2273974246525,0.1341672891102231,81.88763179120815,1.972781757746769,859.7359,50696.0
Census Tract 7003.02,black,1253.501176495119,1336.458970447462,0.0661808664466509,82.95779395234331,3.666521640501853,1375.384,83086.0
Census Tract 8407,white,502.1257551999542,504.7072138642884,0.0051410600583637,2.581458664334207,0.4122902122022873,8168.1587,97727.0
Census Tract 8413,white,589.5199402593078,612.9531282382204,0.0397496104518623,23.433187978912656,0.5342303186128748,1123.244,79744.0
Census Tract 3018.01,white,886.3635628163438,962.7554250600532,0.0861856978878742,76.39186224370928,2.326153761246762,2261.2954,35779.0
Census Tract 608,white,551.2905228079824,554.0813879020506,0.0050624216789597,2.790865094068181,0.3829708273224362,2012.0402,81156.0
Census Tract 8323,white,401.8088913879901,402.3224195950932,0.0012780409247021,0.513528207103036,1.0,68.6413,119886.0
Census Tract 8325,white,301.31269875675514,301.31269875675514,0.0,0.0,0.0,962.6012,142500.0
Census Tract 8320,white,582.337920997655,602.2545509229979,0.0342011557331211,19.91662992534281,1.0,1260.8793,128828.0
Census Tract 1606.01,white,530.944430464283,582.2378150307503,0.0966078211266176,51.29338456646735,2.6142473338372354,958.7843,83333.0
Census Tract 2105.01,white,608.1523952691781,674.5711088785347,0.109213930794367,66.41871360935659,2.2957774137170297,1425.3421,61678.0
Census Tract 2106.01,white,604.5465861087597,638.8431291552569,0.0567310176495267,34.29654304649716,1.2150245642423063,2158.8087,93547.0
Census Tract 813,white,196.9220070066665,203.67815954578728,0.0343087735180969,6.756152539120819,0.6275283651130356,1200.242,116424.0
Census Tract 7005.02,black,656.4627341728144,669.7067216051967,0.0201747741995903,13.243987432382257,2.0,114.0339,87543.0
Census Tract 611,white,578.978587094418,612.9511639217433,0.0586767413935208,33.97257682732527,2.001379406986368,137.0154,108158.0
Census Tract 8365,black,389.4694085245423,398.02710782500526,0.0219727123957766,8.557699300463014,0.886080793856745,1001.0068,30944.0
Census Tract 8396,black,570.0238601889948,570.0238601889948,0.0,0.0,0.0,2370.2206,65062.0
Census Tract 8400,white,373.0150257025668,374.3996163931738,0.0037118898575175,1.384590690607013,0.1834538092343227,4190.1741,105481.0
Census Tract 8308,white,698.8563193679055,708.2191330027287,0.0133973370138393,9.36281363482317,0.6143934325995094,1697.9869,75500.0
Census Tract 4603.01,black,599.4779483386903,599.4779483386903,0.0,0.0,0.0,229.3304,31831.0
Census Tract 3104,white,384.551962375839,384.551962375839,0.0,0.0,0.0,139.3366,77991.0
Census Tract 811,white,300.94811153027604,301.2401847436828,0.0009705102049705,0.2920732134067521,0.1554544863597003,1187.6132,82039.0
Census Tract 1507,white,655.2884176384079,708.0392679724152,0.0805002025277908,52.7508503340074,1.7252151316535902,733.3184,100862.0
Census Tract 3017.02,white,575.9809745944193,575.9809745944193,0.0,0.0,0.0,1832.4432,43632.0
Census Tract 7003.01,black,326.4333613749825,386.9725860018801,0.1854566101084094,60.53922462689764,1.0,1267.3786,74207.0
Census Tract 4909.02,black,436.65403096350815,441.1290723406988,0.0102484829175083,4.475041377190678,1.0,1274.958,67428.0
Census Tract 618,white,368.3965972659303,432.3191895606408,0.173515696857991,63.92259229471057,1.24197578713311,1153.8328,69250.0
Census Tract 4909.01,black,921.8015157375072,924.4148924803992,0.0028350753370166,2.613376742892001,0.095512729580207,1200.5227,35038.0
Census Tract 8319,white,626.7340885102755,657.4936165886572,0.0490790729948901,30.759528078381777,1.0,726.7154,125139.0
Census Tract 8306,white,333.87217130238747,341.75660528361,0.0236151277612221,7.884433981222514,0.586445051295265,1766.0207,59364.0
Census Tract 8309,white,339.3329287896191,352.2764333965789,0.0381439686773946,12.943504606959834,0.5094468911320468,282.241,121813.0
Census Tract 8307,white,294.50443358133634,300.57268918224105,0.0206049719765212,6.068255600904706,0.2299119229125106,6512.704,64330.0
Census Tract 7005.01,black,944.400045053203,1011.6633086702298,0.0712232744686468,67.26326361702672,2.112146585119032,1016.829,66979.0
Census Tract 4603.02,black,207.54281002523143,207.54281002523143,0.0,0.0,0.0,570.1695,50056.0
Census Tract 4313.02,black,686.2401884415926,686.2401884415926,0.0,0.0,0.0,228.8188,32031.0
Census Tract 4313.01,black,827.0164916491991,836.1147038003137,0.01100124633908,9.09821215111458,0.9414333658963494,1929.6943,36867.0
Census Tract 4401.01,black,521.9114644278593,547.7108829220603,0.049432557536331,25.79941849420095,0.4127728256530718,3271.2558,28877.0
Census Tract 3102,white,173.2086084932928,173.2086084932928,0.0,0.0,0.0,1297.3408,133382.0
Census Tract 3103,white,285.5293225310385,286.80823535869126,0.004479094533325,1.278912827652789,0.0500000292341415,1368.2632,66683.0
Census Tract 3105,white,457.4622899894775,463.8781138367572,0.0140248146954961,6.415823847279739,0.0847880634787444,1962.0993,58321.0
Census Tract 5103,black,960.3829873999922,989.427126597815,0.0302422466650027,29.0441391978228,1.312552359197961,3300.041,30607.0
Census Tract 4914,black,1114.4052100903286,1124.7707356382791,0.0093013972423105,10.36552554795071,0.4669374496364182,1711.6783,36480.0
Census Tract 5002,black,1338.3805247334424,1338.3805247334424,0.0,0.0,0.0,114.0339,38451.0
Census Tract 5302,black,1347.367805358018,1347.367805358018,0.0,0.0,0.0,114.0339,41464.0
Census Tract 1405,white,565.0068256057377,601.4981560252086,0.0645856452802121,36.49133041947084,0.786819886482788,842.1278,73273.0
Census Tract 1408,white,592.8369412854616,626.0162024749658,0.0559669259435162,33.17926118950413,1.8031807890200644,7002.2123,97722.0
Census Tract 3011,white,382.8054314428473,384.3738002557325,0.0040970390805944,1.5683688128851827,0.2838305428824551,2016.9799,34608.0
Census Tract 1502,white,502.6743726038169,566.0176179455339,0.1260124820241054,63.343245341716965,1.3766470886566131,956.4983,91038.0
Census Tract 1503,white,559.5677585453723,583.2135266339196,0.0422572025057624,23.64576808854736,1.001208156609494,370.399,86290.0
Census Tract 3012,white,478.68425907475154,485.4953761104756,0.0142288301873332,6.811117035724067,0.6445025415461126,3436.3925,50040.0
Census Tract 7404,white,1058.944822834129,1082.7436606863932,0.0224741056749017,23.79883785226434,0.5616302715996063,727.0445,93194.0
Census Tract 6403,white,788.0169739695964,922.3855441456524,0.1705148170846893,134.3685701760561,3.1260111201937484,3716.0563,79750.0
Census Tract 6406,white,1161.751267064224,1279.8242936116137,0.1016336542035913,118.07302654738942,3.0,344.5689,79231.0
Census Tract 718,white,395.0785637627708,395.0785637627708,0.0,0.0,0.0,207.2593,211964.0
Census Tract 1603,white,578.0222180946815,593.9349667363983,0.0275296487636228,15.912748641716805,0.4891392255912925,1230.2159,77721.0
Census Tract 3107,white,295.4463758191413,295.4463758191413,0.0,0.0,0.0,276.973,62647.0
Census Tract 715,white,844.3111463828461,845.0270958509896,0.0008479687508694,0.7159494681434353,0.1445346109235223,3228.8017,115993.0
Census Tract 717,white,393.35683617320046,396.518255486267,0.0080370264918301,3.161419313066517,0.516159618739717,688.1598,149625.0
Census Tract 6712,black,411.90540247386576,447.6998372805466,0.0868996487827126,35.79443480668084,1.0115187156811611,1428.2061,40286.0
Census Tract 6705,black,1132.6856962330742,1151.333029351335,0.0164629368767306,18.647333118260804,1.8,570.1695,30313.0
Census Tract 6708,black,819.0800937970524,823.9837148675772,0.0059867418432705,4.903621070524764,0.730394731448365,312.2528,39297.0
Census Tract 6709,black,793.239764339519,827.7352351529595,0.0434868149129699,34.495470813440534,1.0,1018.5016,29906.0
Census Tract 6714,black,773.5294043896721,801.0150043153525,0.035532715071597,27.48559992568039,1.3419892997829663,2751.5656,26080.0
Census Tract 6715,black,322.85158556560964,327.9939224327464,0.0159278662303229,5.142336867136692,0.1213397028380261,939.7905,34167.0
Census Tract 6716,black,256.91525888740364,256.91525888740364,0.0,0.0,0.0,313.9518,21063.0
Census Tract 2305,white,818.6991500340966,957.0808980437878,0.1690263731236656,138.38174800969114,6.333333333333333,212.7507,28413.0
Census Tract 2406,white,519.637836121846,552.5651960619207,0.0633659784780448,32.927359940074666,1.716386190632296,320.9068,157938.0
Census Tract 803,white,238.23909319348155,238.4731203358558,0.0009823204883683,0.2340271423742592,0.0421873480011101,3257.6307,157112.0
Census Tract 3008,white,309.80726412839715,327.123622940596,0.0558939728573381,17.316358812198814,1.0,611.7764,29684.0
Census Tract 6502,white,812.4272960532996,847.8513106827386,0.0436026888824707,35.42401462943894,1.75,912.2712,92357.0
Census Tract 2214,white,339.70287090343487,344.22111465550154,0.013300575706206,4.518243752066667,0.7036925586324196,1454.5451,104583.0
Census Tract 1610,white,98.95559569912216,98.95559569912216,0.0,0.0,0.0,1614.3736,102159.0
Census Tract 2405,white,371.82179744085727,375.6553502311818,0.0103101884201244,3.833552790324575,0.558299553220147,496.3966,171962.0
Census Tract 2407,white,495.8944038372636,565.3656539070304,0.1400928293043715,69.47125006976682,1.8625688833301468,1003.7443,102102.0
Census Tract 2408,white,473.003018582912,493.4774319836503,0.043286010017607,20.474413400738285,0.4105024330627701,2173.8239000000003,130278.0
Census Tract 2409,white,631.7487911549381,675.057082870692,0.0685530266493735,43.30829171575397,3.0,138.7652,76429.0
Census Tract 2411,white,433.2028362646231,453.3358054301881,0.0464746937927865,20.132969165564987,1.1374756568500322,3885.3846,92927.0
Census Tract 1903,white,394.3010977730079,462.33921975856737,0.1725537219394905,68.03812198555948,2.749839606112765,811.9075,69309.0
Census Tract 1908,white,813.9946637779366,932.8670007242108,0.1460357693188801,118.87233694627412,4.50410707371867,301.9303,52404.0
Census Tract 1911,white,637.7243265637317,682.5017461195059,0.0702143821250315,44.77741955577426,4.814901473749239,811.3117,50513.0
Census Tract 801,white,398.2667733313321,402.7389809270359,0.0112291757564802,4.472207595703821,0.6373936924127483,3602.1025,114681.0
Census Tract 804,white,335.84147640706874,336.4902567858228,0.0019318054032363,0.6487803787540543,0.1589974284969037,1223.3701,
Census Tract 810,white,370.3048959644578,382.4917789590488,0.0329104020157505,12.186882994590974,1.1423919944741,6763.0077,79556.0
Census Tract 1506,white,813.8031033139262,899.3689908365977,0.1051432308063641,85.56588752267157,3.740108440285516,400.958,81923.0
Census Tract 3016,white,340.8009655900682,340.8009655900682,0.0,0.0,0.0,1837.3341,28442.0
Census Tract 7503,white,1270.486113092261,1280.9761637319311,0.0082567219992185,10.490050639670471,0.2515035542647766,2932.252,119000.0
Census Tract 6408,white,1046.892409315846,1158.9201025080322,0.1070097482752763,112.02769319218623,2.0,1018.2956,38365.0
Census Tract 7402,white,2532.2486892665656,2617.0327950993887,0.0334817453720865,84.78410583282312,2.0,404.207,118444.0
Census Tract 6504,white,1904.728186759537,2113.5250550143546,0.10962029632692,208.7968682548176,6.0,1632.7228,72308.0
Census Tract 6505,white,1399.251398780804,1484.2713378541291,0.0607610177466357,85.0199390733253,3.0,232.4655,66818.0
Census Tract 6606,white,332.97863761465817,346.1690871038004,0.0396135006847104,13.190449489142225,0.5420067910377036,8866.3033,36729.0
Census Tract 2211,white,576.2707791969056,600.1576396004342,0.0414507576400412,23.88686040352865,0.9535303975985708,2386.8119,87478.0
Census Tract 2213,white,475.27484962815566,500.3292857562482,0.0527156784073354,25.05443612809256,1.0,947.9627,81264.0
Census Tract 2215,white,454.5550674473757,470.3240718187556,0.0346910759568321,15.76900437137988,1.0769740657986744,873.5662,62500.0
Census Tract 2216,white,560.7132441722183,609.1142975090888,0.0863205102428515,48.40105333687052,4.0,4323.6187,135236.0
Census Tract 1608,white,493.4171191400674,510.17249848621327,0.0339578395158791,16.755379346145844,0.658397596042509,5031.9359,82691.0
Census Tract 1609,white,636.5988820660901,647.3999739766062,0.0169668722562958,10.801091910516108,0.5685790209151118,542.7272,114861.0
Census Tract 2228,white,655.547454733821,681.5380856986453,0.0396472151285791,25.99063096482428,1.7360265014726233,435.4475,84239.0
Census Tract 1611,white,590.6943516042804,639.5575702342317,0.082721662222167,48.863218629951234,1.0750886579722825,996.3289,158393.0
Census Tract 1613,white,514.6952591313682,630.4985433690315,0.2249938816866123,115.80328423766332,2.240383704784632,1268.1833,53969.0
Census Tract 3302,white,236.5621742206881,236.9128597105041,0.0014824241913201,0.3506854898160441,0.2119997959995764,2590.1907,128000.0
Census Tract 4206,black,578.2804665392788,595.372752681174,0.0295570871417878,17.092286141895215,0.5036949696847687,3526.0646,34643.0
Census Tract 4207,black,442.1063669130588,481.8711261999307,0.0899438738340806,39.764759286871936,0.816888743048545,1654.1681,24785.0
Census Tract 6610,white,1528.4917697440803,1594.973585007897,0.0434950430089316,66.48181526381677,5.443157350888717,1026.6024,46066.0
Census Tract 6405,white,1227.718834014316,1349.2025109949848,0.0989507317269452,121.48367698066863,3.3297298846369467,1702.8502,72813.0
Census Tract 6407,white,449.2292378116051,485.0789093380228,0.0798026230462143,35.849671526417694,1.0,114.0339,72297.0
Census Tract 3108,white,354.85567524858794,354.85567524858794,0.0,0.0,0.0,1478.2522,63779.0
Census Tract 6604,white,570.356524925462,653.4519512178285,0.1456903229137703,83.09542629236648,3.0,805.673,44297.0
Census Tract 6704,black,1055.9653527879968,1129.7334719738403,0.0698584655179057,73.76811918584349,2.379373568188164,369.2437,32083.0
Census Tract 3404,white,263.9543352331373,263.9543352331373,0.0,0.0,0.0,105.6078,49309.0
Census Tract 4208,black,400.5168029306668,414.08989730905785,0.0338889511727693,13.573094378391032,0.2953431224070797,1304.0798,44375.0
Census Tract 2225,white,380.8535578773208,381.0508229084562,0.0005179550697514,0.19726503113543,0.081131513410281,1739.5534,147582.0
Census Tract 3906,black,316.5901216497349,316.5901216497349,0.0,0.0,0.0,1795.2182,76806.0
Census Tract 103,white,863.9474191044437,904.3918803768444,0.0468135680228372,40.44446127240053,1.854293881634331,2298.4553,68336.0
Census Tract 106,white,682.4116056201854,709.8006237748797,0.0401356277195825,27.389018154694327,1.3006677527474997,2214.3226,66313.0
Census Tract 1508,white,709.8951844602832,733.549508004538,0.0333208677309716,23.6543235442548,1.4233766777421262,1758.1814,85714.0
Census Tract 1511,white,948.4968168370322,985.387358696901,0.0388936907378227,36.89054185986879,1.0,148.1514,77521.0
Census Tract 2301,white,283.32854261427946,305.1470713352914,0.0770078740380049,21.818528721011944,0.8336777846632251,4501.1197,90833.0
Census Tract 1601,white,714.4794123193535,714.4794123193535,0.0,0.0,0.0,73.6225,107137.0
Census Tract 1602,white,571.8799445210142,645.600665486526,0.1289094357509908,73.72072096551187,1.3969974711311153,812.7349,124364.0
Census Tract 1604,white,504.5001062472404,566.0171351569938,0.1219366024862753,61.51702890975344,2.309080175229164,966.1862,72325.0
Census Tract 3106,white,335.59107639945654,339.7978992906547,0.0125355624360844,4.206822891198158,0.1465065230007935,2125.0419,73508.0
Census Tract 3109,white,342.7018135837972,342.7018135837972,0.0,0.0,0.0,3249.6741,78287.0
Census Tract 3204,white,124.10669891937307,130.73063491784808,0.0533729126320432,6.623935998474991,0.4746870958265315,1101.8629,162143.0
Census Tract 615,white,349.6661527108686,359.084420608604,0.0269350288116767,9.418267897735404,0.4657577272459238,1558.4757,133000.0
Census Tract 3206,white,110.758554060771,110.758554060771,0.0,0.0,0.0,3266.3427,108320.0
Census Tract 7403,white,1560.091650891793,1560.091650891793,0.0,0.0,0.0,587.0486,122063.0
Census Tract 2227,white,596.2084252195082,608.4716150372378,0.0205686288536004,12.263189817729652,1.0,205.65090000000004,80391.0
Census Tract 2212,white,532.0307599994535,553.2825923587734,0.0399447437199716,21.251832359319906,1.2940860404071295,3777.3136,128243.0
Census Tract 1607,white,306.1451827615364,335.1680558612975,0.0948010118531497,29.02287309976112,0.4285301667166487,1546.2223,92614.0
Census Tract 2222,white,387.4537634248727,387.8341156599544,0.0009816712882581,0.3803522350817729,0.0845938065474544,822.5945,184727.0
Census Tract 3405,white,317.1799384629575,320.2624142461307,0.0097183819320689,3.082475783173152,0.1039077006986868,1672.6866,57720.0
Census Tract 3301,white,486.2612785357316,493.2069570272584,0.0142838403922313,6.945678491526735,0.4269794226743311,18245.1406,
Census Tract 3403,white,465.12919725240727,465.12919725240727,0.0,0.0,0.0,168.5766,47519.0
Census Tract 3504,white,342.473824567726,342.473824567726,0.0,0.0,0.0,2210.0001,22292.0
Census Tract 7505,black,633.2290711300635,636.4124954503429,0.0050272870678509,3.183424320279414,0.3756917965849063,609.7168,52880.0
Census Tract 7504,white,1177.5065296331456,1177.5065296331456,0.0,0.0,0.0,1052.9743,104009.0
Census Tract 7502,black,1251.2403102630378,1251.2403102630378,0.0,0.0,0.0,1035.2622,75250.0
Census Tract 4302,black,855.1941104075083,855.1941104075083,0.0,0.0,0.0,4017.7654,33183.0
Census Tract 6608,white,528.3951841455911,553.5008878820411,0.0475131198953783,25.105703736449986,1.7521241428001295,8541.7108,41099.0
Census Tract 6609,white,1151.7662400051458,1190.1468227061662,0.0333232398796902,38.38058270102033,4.332719347130273,342.733,41032.0
Census Tract 6703,black,542.1124012228092,577.8042254297386,0.0658384204574946,35.69182420692937,0.5906615226512488,628.8991,30179.0
Census Tract 2226,white,737.7876967690926,752.6545307926543,0.0201505583363159,14.86683402356175,1.4559807779139011,2536.7486,90313.0
Census Tract 1704,white,993.0352219104263,1153.6566105665524,0.1617479270746495,160.6213886561261,5.5,1306.18,103016.0
Census Tract 3902,black,269.3704983744178,269.3704983744178,0.0,0.0,0.0,114.0339,104441.0
Census Tract 1710,white,117.13165183349209,117.13165183349209,0.0,0.0,0.0,73.6722,81950.0
Census Tract 1801,white,903.0731777387476,983.5118861047324,0.0890721929837396,80.43870836598478,4.859952772201045,825.4037000000001,83920.0
Census Tract 3903,black,636.3845777182862,636.3845777182862,0.0,0.0,0.0,114.0339,19475.0
Census Tract 4003,black,689.573894835489,689.573894835489,0.0,0.0,0.0,1296.9237,84293.0
Census Tract 4005,black,633.6483914237489,653.1060772474765,0.0307073861262521,19.457685823727616,0.3522402805928905,955.0634,22463.0
Census Tract 4008,black,1072.2772592104195,1075.1776274875142,0.0027048678428845,2.9003682770946853,0.6666666666666667,342.1017,21029.0
Census Tract 4403,black,609.7156295488855,612.557517883308,0.004661006207968,2.8418883344224923,0.6276289479278675,1947.414,46747.0
Census Tract 4308,black,993.8430271112002,996.014137528377,0.0021845606981693,2.1711104171768056,0.6565347619648658,3669.0403,45221.0
Census Tract 2001,white,680.8861330495092,728.3869561538659,0.0697632405753558,47.50082310435664,1.6332396353215344,943.8677,68393.0
Census Tract 4102,black,553.283219661156,554.9683298368577,0.0030456556711294,1.685110175701766,0.3328558952270978,342.5924,51739.0
Census Tract 6806,black,522.6276648369831,524.8320883272256,0.004217961731762,2.204423490242561,0.2642373171604207,2002.3769,50330.0
Census Tract 4303,black,972.5122248695868,972.5122248695868,0.0,0.0,0.0,114.0339,36467.0
Census Tract 4309,black,664.4319820872296,675.4959889261231,0.0166518276319832,11.064006838893532,0.4018080884360009,580.6685,38173.0
Census Tract 4312,black,1235.6511598957777,1235.6511598957777,0.0,0.0,0.0,456.1356,57845.0
Census Tract 2308,black,659.9317543780085,699.1770575568868,0.0594687297868661,39.24530317887832,4.0,1847.1552,68485.0
Census Tract 2311,black,666.6173506477768,695.4777980248243,0.0432938736878102,28.86044737704753,2.0,69.3054,60333.0
Census Tract 4202,black,551.0466099037699,553.5779007714773,0.004593605735365,2.531290867707412,0.5,595.9206,30461.0
Census Tract 4203,black,187.65347123496423,187.65347123496423,0.0,0.0,0.0,4091.8594,38583.0
Census Tract 4406,black,800.5381913248117,803.0086704990033,0.0030860228793122,2.4704791741916097,0.5,744.6046,58631.0
Census Tract 4408,black,762.2122849216867,775.0504009946995,0.0168432290150399,12.838116073012884,0.5,1410.672,35292.0
Census Tract 4409,black,705.4725757205276,705.4725757205276,0.0,0.0,0.0,744.6756,39730.0
Census Tract 4503,black,675.1955699170887,675.1955699170887,0.0,0.0,0.0,121.0298,51990.0
Census Tract 6720,black,874.5434050440872,893.3295527614189,0.0214810924294656,18.786147717331687,1.0,228.0678,38654.0
Census Tract 6809,black,368.30476824573367,371.814264701072,0.0095287836539678,3.5094964553383647,0.1543073456877829,739.005,22846.0
Census Tract 6810,black,617.0957415803343,617.0957415803343,0.0,0.0,0.0,464.0514,
Census Tract 2402,white,388.4460548069126,392.3092652746211,0.0099452946423379,3.863210467708484,0.5,137.1974,166458.0
Census Tract 2403,white,287.64740393674094,303.4590734760229,0.0549689283577169,15.81166953928198,0.9294363307939516,1958.9415,161125.0
Census Tract 2002,white,821.2617144005785,909.701983830669,0.1076882897124226,88.44026943009044,5.666666666666666,1821.6627,64583.0
Census Tract 4105,black,465.5130139194075,485.8249516180391,0.0436334475971236,20.31193769863154,0.4048084430068213,2976.4562,70833.0
Census Tract 4106,black,743.4655501229461,748.5281318583608,0.0068094368791903,5.06258173541471,1.0,359.6169,39461.0
Census Tract 1702,white,824.2445315326952,987.1761854107724,0.1976739276329845,162.9316538780772,7.0,73.6225,105855.0
Census Tract 1703,white,56.644279730528496,56.644279730528496,0.0,0.0,0.0,2627.1841,85774.0
Census Tract 3818,black,491.1530562937256,491.1530562937256,0.0,0.0,0.0,374.1396,46813.0
Census Tract 3514,black,469.9012287696012,469.9012287696012,0.0,0.0,0.0,114.0339,
Census Tract 3812,black,971.1149022507662,1006.4715761734724,0.0364083321559162,35.35667392270602,1.0,342.1017,44757.0
Census Tract 3814,black,512.1389120210713,512.1389120210713,0.0,0.0,0.0,1240.0444,34300.0
Census Tract 3901,black,534.148200403106,534.148200403106,0.0,0.0,0.0,229.6554,65833.0
Census Tract 4304,black,904.2682616905814,922.6973683881253,0.0203801321779108,18.42910669754372,0.8571428571428571,798.2373,36917.0
Census Tract 4305,black,589.1669910666818,596.3679650864059,0.0122222971227338,7.200974019724072,1.0,228.0678,28528.0
Census Tract 4306,black,709.5408232173334,714.5598751188181,0.0070736619194459,5.019051901484772,0.997745677611337,228.5831,54375.0
Census Tract 2307,black,827.9306403020659,861.7590525951604,0.0408589930682507,33.82841229309452,4.213158655365612,2230.0338,32576.0
Census Tract 2309,black,151.58838072360027,151.58838072360027,0.0,0.0,0.0,3172.264,70926.0
Census Tract 1707,white,1385.0311765070562,1530.5104342664551,0.1050368108870203,145.47925775939893,7.0,73.6225,82868.0
Census Tract 1708,white,987.6205906011428,1113.7033249905198,0.1276631285224959,126.08273438937704,5.0,147.3716,64769.0
Census Tract 2422,white,150.7310276722174,154.76015517253785,0.0267305780537916,4.029127500320442,0.1453547239907214,952.1727,164025.0
Census Tract 2104,white,603.7374362196481,684.1751311812192,0.1332329091024044,80.43769496157108,2.965200107274112,937.7845,63077.0
Census Tract 2203,white,395.93552196376754,415.0571176498599,0.0482947213002075,19.12159568609235,0.4920201947153847,3008.9456,100461.0
Census Tract 2107,white,515.9477411133295,523.3345205924502,0.0143169140796726,7.386779479120719,0.8445386002057578,490.7707,93026.0
Census Tract 2109,white,398.2019604311461,400.13916564673735,0.0048648811610413,1.9372052155912345,0.218085686209474,1373.3015,109844.0
Census Tract 4204,black,532.4376185361949,532.4376185361949,0.0,0.0,0.0,586.7808,32938.0
Census Tract 4205,black,826.193447469292,856.2771918802998,0.0364124703520188,30.08374441100784,1.0,638.5405,25298.0
Census Tract 6913,black,1171.9275841476865,1322.7870187580068,0.128727607960552,150.85943461032025,3.5,228.0678,42708.0
Census Tract 317,white,538.1899020007892,596.2620745532022,0.1079027539099532,58.07217255241301,1.373736209638985,4985.2127,84766.0
Census Tract 4701,black,939.9594101216484,942.204809905279,0.0023888263253199,2.245399783630773,0.3093022979525836,5808.4798,45855.0
Census Tract 4801,black,1127.3916896281685,1161.1459106757936,0.0299401009943208,33.75422104762538,1.323218772779,2483.6472,72171.0
Census Tract 6910,black,924.2473546209028,934.2522802499408,0.0108249437545232,10.004925629038212,1.0,228.0678,78375.0
Census Tract 2423,white,390.2830740311457,390.4818478150841,0.0005093066985593,0.1987737839384067,0.0471984917631344,1466.1888,104397.0
Census Tract 4111,black,227.493682842766,228.3812500255998,0.0039015025461049,0.8875671828338341,0.1753190820851322,966.2639,123750.0
Census Tract 4604,black,1626.0240342014613,1657.367908953939,0.0192763908116958,31.34387475247763,2.0,172.6449,68475.0
Census Tract 2414,white,422.5778247576115,434.0306263477983,0.0271022304512926,11.452801590186766,1.2319454149073708,1238.7971,178434.0
Census Tract 2415,white,441.5411578528733,443.9118889929848,0.0053692189231914,2.370731140111502,0.2125469030213792,1390.2889,173393.0
Census Tract 2416,white,344.3843301544091,344.3843301544091,0.0,0.0,0.0,1233.7148,111458.0
Census Tract 2420,white,267.97282065310714,269.1842684595345,0.0045207861135872,1.2114478064273726,0.0773625019633732,957.861,145583.0
Census Tract 2433,white,345.14022006691226,349.64603268250295,0.0130550204050896,4.505812615590685,0.191296874574246,3170.8448000000003,128375.0
Census Tract 4803,black,1097.721004133326,1117.2826916397253,0.0178202725763124,19.561687506399267,0.7807157004255278,584.5211,57839.0
Census Tract 7108,black,408.7723629616022,423.30401902492326,0.0355495072074774,14.531656063321066,0.4361033647685726,773.4849,30461.0
Census Tract 7113,black,673.6597971428971,737.6878596834706,0.0950450996365333,64.0280625405735,2.0,502.2469,70223.0
Census Tract 102.02,white,1093.0481233999171,1112.2066990435633,0.0175276597923736,19.158575643646145,1.391571948075391,744.5564,58698.0
Census Tract 4804,black,660.6329051805619,675.4203821642282,0.0223838032706296,14.787476983666238,0.2703864841035199,4195.2023,83567.0
Census Tract 4805,black,877.8854196623103,880.0521975656975,0.0024681784830424,2.166777903387242,0.0542894093568546,4200.963,46250.0
Census Tract 2412,white,528.8274206692463,540.5955963187408,0.0222533385931492,11.768175649494538,0.4789106344094326,429.8612,131875.0
Census Tract 6911,black,407.3364297015013,407.3364297015013,0.0,0.0,0.0,342.1017,57542.0
Census Tract 6912,black,670.6701797816062,721.8056495976324,0.0762453309504199,51.135469816026216,1.0,114.5492,35551.0
Census Tract 6914,black,826.8151049591934,827.1767054792475,0.0004373414538332,0.3616005200541394,1.0,987.2151,38816.0
Census Tract 512,white,353.0110868156547,368.2310048719467,0.0431145610569448,15.219918056291988,0.96404896559177,2048.7366,166771.0
Census Tract 6915,black,610.1337001701836,614.9765146874008,0.0079373004898212,4.842814517217221,0.7720343058344166,1000.4479,22363.0
Census Tract 4107,black,578.5067832008015,580.6000702833438,0.0036184313534933,2.0932870825423606,0.7548811222898792,2012.9131,45972.0
Census Tract 4108,black,445.23022457056464,445.23022457056464,0.0,0.0,0.0,1241.2129,58396.0
Census Tract 4112,black,432.398179123251,432.398179123251,0.0,0.0,0.0,1420.0168,111058.0
Census Tract 5306,black,838.4603916546907,838.4603916546907,0.0,0.0,0.0,1213.7686,38304.0
Census Tract 4601,black,1169.6825178175422,1171.4258515963356,0.0014904333032575,1.7433337787933851,0.2285616955789026,499.039,47790.0
Census Tract 4602,black,708.8211947687194,708.8211947687194,0.0,0.0,0.0,312.2528,28487.0
Census Tract 4605,black,927.6792501124116,930.3323964258918,0.0028599823841685,2.6531463134801925,0.6662312558677003,9288.6768,68207.0
Census Tract 4606,black,181.3041155711664,181.3041155711664,0.0,0.0,0.0,3748.0076,
Census Tract 4607,black,935.4604261280284,935.4604261280284,0.0,0.0,0.0,456.1356,
Census Tract 2413,white,400.094668777465,419.7157705564994,0.0490411477838205,19.621101779034404,2.0,413.5457,167292.0
Census Tract 6813,black,229.37384725508235,229.37384725508235,0.0,0.0,0.0,228.0678,17500.0
Census Tract 6814,black,903.3619933135216,918.3321899909748,0.0165716476764122,14.970196677453146,1.2423970283191186,4353.468800000001,51531.0
Census Tract 601,white,604.4542909573188,645.7490297124657,0.0683173887139512,41.29473875514691,0.8797013793690394,568.6948,135272.0
Census Tract 6903,black,392.2998029284021,392.2998029284021,0.0,0.0,0.0,1670.8648,35319.0
Census Tract 6904,black,486.39087498942297,486.39087498942297,0.0,0.0,0.0,2577.2072,40722.0
Census Tract 6909,black,602.1106817980022,602.1106817980022,0.0,0.0,0.0,319.7228,41131.0
Census Tract 602,white,913.8757863722706,967.1109502891446,0.0582520783576035,53.23516391687406,1.8022919836708684,1057.1904,89167.0
Census Tract 2421,white,282.2811496256434,282.2811496256434,0.0,0.0,0.0,483.0876,179015.0
Census Tract 2431,white,390.7199557561085,394.4403398781013,0.0095218687123191,3.720384121992822,0.353197265152339,591.3163,114464.0
Census Tract 2432,white,429.9811952399098,432.9823957016136,0.0069798411998673,3.001200461703718,1.0309031108651534,2945.4025,136094.0
Census Tract 2434,white,261.60205830267927,262.22033960989324,0.0023634420586194,0.6182813072139766,0.1218555502805828,1693.7423,124773.0
Census Tract 2435,white,202.10558184177407,202.10558184177407,0.0,0.0,0.0,2629.2223000000004,160370.0
Census Tract 2502,white,566.0389580830625,682.1837439689367,0.2051886786718851,116.14478588587416,3.6666666666666674,3975.6174,49327.0
Census Tract 4910,black,1200.1518254277962,1222.6575301940777,0.0187523813982943,22.50570476628127,1.0,114.0339,22438.0
Census Tract 4911,black,979.7871230593216,1025.2870908888724,0.0464386260634657,45.49996782955077,1.0,274.0866,68155.0
Census Tract 5102,black,828.5814696019831,828.5814696019831,0.0,0.0,0.0,651.7139,55417.0
Census Tract 7103,black,356.9481619905632,385.6861732630432,0.0805103214769871,28.738011272479923,1.0,410.2962,54444.0
Census Tract 5202,black,541.4657578796075,541.4657578796075,0.0,0.0,0.0,342.1017,58438.0
Census Tract 7109,black,637.3153155695255,643.3217067052466,0.0094245203104111,6.00639113572106,0.5885556388442017,2141.6818000000003,45663.0
Census Tract 7110,black,789.923196054217,812.0404584749843,0.0279992568027453,22.11726242076736,1.0,228.0678,58030.0
Census Tract 7112,black,932.218053138872,937.317692465918,0.0054704361387071,5.099639327046134,1.5264602765599755,1122.6281,58444.0
Census Tract 7106,black,713.7631041617499,794.3479767836499,0.1129014264705369,80.58487262189999,2.0,114.0339,35865.0
Census Tract 619.02,white,473.3041358925667,474.83035577536,0.0032246071121163,1.5262198827932707,0.1662624714487556,3721.5103,86805.0
Census Tract 302,white,688.866808390846,711.682687593198,0.0331208862503458,22.815879202352,1.6174149053559388,5707.1614,91406.0
Census Tract 303,white,47.55374663686347,47.55374663686347,0.0,0.0,0.0,2495.3489,64662.0
Census Tract 304,white,610.2565913433876,690.0351399377678,0.1307295156267951,79.77854859438014,1.7741818627398542,616.9686,97143.0
Census Tract 305,white,695.5219706618553,700.1236439626134,0.0066161436947551,4.60167330075808,0.5265920656981667,3757.1094,109375.0
Census Tract 308,white,386.8160757290543,426.2022051479839,0.1018213354879223,39.38612941892961,1.2081430510136617,2891.6901,96069.0
Census Tract 2424,white,405.8937382533098,407.7472686142007,0.0045665409101093,1.853530360890943,1.7246447886146807,1017.5068,103095.0
Census Tract 2425,white,299.1679837640538,313.8797182922838,0.0491754978027086,14.71173452823001,1.0491575631348025,2345.9685,81875.0
Census Tract 2426,white,47.218725542312846,47.218725542312846,0.0,0.0,0.0,4377.9785,79583.0
Census Tract 2427,white,369.96900865396833,387.83337265484334,0.0482861093308048,17.864364000875014,1.0,205.1547,61964.0
Census Tract 2428,black,471.224442266643,488.8566103184915,0.0374177705363409,17.63216805184851,1.0,68.8324,139500.0
Census Tract 2429,black,1235.0660985528327,1323.4616531925535,0.0715715173004074,88.39555463972079,7.0,2112.4684,143750.0
Census Tract 2430,black,488.25441280507374,492.898133016608,0.0095108617346756,4.643720211534287,0.2101923058313514,1312.3939,113125.0
Census Tract 2204,white,467.86925004185423,497.61387681682953,0.0635746563218558,29.744626774975305,1.0151254889244774,4261.7267,114803.0
Census Tract 2205,white,537.3610375347096,557.1496140926765,0.0368254770549656,19.78857655796696,1.2611169283381822,1350.0132,94867.0
Census Tract 318,white,282.0377830484398,293.05342791408617,0.0390573374481335,11.01564486564638,0.3459898746938165,2006.5171,80873.0
Census Tract 2210,white,508.1572291215871,529.6162610571815,0.0422291186778727,21.459031935594453,0.6231592224939821,3266.6088,82102.0
Census Tract 319,white,618.0568491525275,638.8525237542515,0.0336468637638086,20.79567460172393,0.926752645059237,2013.6222,93864.0
Census Tract 5205,black,891.3204842077007,896.5121463905418,0.0058246862658564,5.191662182841128,0.3111469346832203,905.7351,87381.0
Census Tract 7205,white,1009.022578054025,1041.291577085813,0.031980452899301,32.2689990317881,1.0,1593.4016,110625.0
Census Tract 4903,black,418.1319247468415,418.1319247468415,0.0,0.0,0.0,4128.2007,
Census Tract 3501,white,422.0551840573512,422.0551840573512,0.0,0.0,0.0,114.0339,61620.0
Census Tract 3511,black,507.3465081494016,508.3486741733877,0.0019753088035267,1.002166023986092,0.0519796489973508,2193.8182,18220.0
Census Tract 2512,black,63.08354747464533,63.08354747464533,0.0,0.0,0.0,311.6413,46483.0
Census Tract 309,white,1093.4017955562915,1144.8211988549608,0.047026997310269,51.41940329866907,2.0,246.6888,102309.0
Census Tract 2506,black,601.995396855577,662.1199094406061,0.099875369311924,60.12451258502904,2.0,662.6029,65486.0
Census Tract 321,white,501.9241643782075,506.63296797598974,0.0093815040836211,4.708803597782264,0.4655133266309925,2064.2539,69313.0
Census Tract 4905,black,491.9461721657067,493.0421062324575,0.002227751995561,1.0959340667507718,0.6574754501175811,1270.4847,67135.0
Census Tract 4906,black,1206.0985132430342,1206.820870778306,0.0005989208404954,0.7223575352718399,0.9215796658768296,3306.6309,63947.0
Census Tract 4907,black,1303.1873493368548,1308.0612170593529,0.0037399593580907,4.873867722497835,5.0,228.0678,44792.0
Census Tract 7002,black,1328.8006252857415,1474.3597889859648,0.1095417633995486,145.55916370022305,4.0,1108.0424,80096.0
Census Tract 7102,black,374.3054860057814,379.5683076180169,0.0140602310385431,5.262821612235484,0.156078265583528,4200.4721,28091.0
Census Tract 7104,black,818.5560138419407,820.793534530536,0.0027334973425866,2.237520688595282,0.5,228.0678,44858.0
Census Tract 7105,black,1118.927455252457,1214.5697896752558,0.0854767965285287,95.64233442279874,2.0,114.0339,39943.0
Census Tract 7107,black,451.5548808247937,481.1301001329283,0.0654964004687837,29.575219308134592,0.740544489427374,651.4323,31473.0
Census Tract 2510,black,458.2529933204109,564.1555451334773,0.2311006220509709,105.9025518130664,3.333333333333333,1987.8087,31690.0
Census Tract 5808,white,327.8096880716333,327.8096880716333,0.0,0.0,0.0,1831.443,63333.0
Census Tract 3510,white,284.40967283218527,290.3562453268119,0.0209084748609636,5.9465724946266505,0.4681386693866232,2686.3175,54688.0
Census Tract 3602,black,374.006033200026,374.006033200026,0.0,0.0,0.0,228.6502,26638.0
Census Tract 3801,black,767.7872162336773,793.3654578315741,0.0333142321949158,25.57824159789675,1.0,367.6708,
Census Tract 2315,black,556.3943203972873,573.7170048811639,0.0311338269440053,17.32268448387663,1.0225030935859751,3270.3148,37237.0
Census Tract 2511,black,163.27223299749852,163.27223299749852,0.0,0.0,0.0,662.6029,38350.0
Census Tract 5502,white,1082.2735812717792,1083.9404633835825,0.0015401670526268,1.666882111803261,1.0,302.4831,70197.0
Census Tract 5608,white,963.6149474645875,1108.364913870092,0.1502155677289594,144.74996640550444,3.0,114.6652,103098.0
Census Tract 5609,white,1204.8435858921036,1349.5935522976083,0.1201400481360634,144.7499664055047,3.0,228.0678,117188.0
Census Tract 5003,black,1254.863385962915,1254.863385962915,0.0,0.0,0.0,117.637,48469.0
Census Tract 5610,white,734.4158218557835,771.8109982525987,0.0509182608597972,37.395176396815145,0.9180138943350792,1366.3986,106375.0
Census Tract 5611,white,1240.6629889928008,1357.0531516087428,0.0938128755742365,116.39016261594202,3.333333333333333,974.8296,95926.0
Census Tract 5702,white,414.3275434908429,414.3275434908429,0.0,0.0,0.0,1168.0418,
Census Tract 7304,black,678.1509545158046,723.8858188215439,0.067440536655137,45.73486430573928,1.0,854.8604,91284.0
Census Tract 7305,black,1043.1548860823118,1066.2388452049372,0.0221289852835947,23.0839591226254,0.9372610620591268,1746.6617,61742.0
Census Tract 7306,black,1177.8795837246778,1319.4166415175505,0.1201625868624921,141.5370577928727,1.0,3031.6293,75462.0
Census Tract 7307,black,752.5917545488996,805.39137962223,0.0701570602576934,52.79962507333039,0.5,228.0678,54531.0
Census Tract 2503,white,546.5917501155174,611.2857392812823,0.1183588833020118,64.69398916576495,3.0000000000000004,2622.0992,47550.0
Census Tract 2504,white,631.5532010813636,760.9339011559168,0.2048611262725355,129.38070007455326,5.0,2702.9525,46709.0
Census Tract 2507,black,438.9416381093531,475.17385859721065,0.0825445055609672,36.232220487857546,0.8,3313.0145,44624.0
Census Tract 2508,black,760.8850890325805,780.4612515451622,0.0257281458064471,19.57616251258173,2.0,1325.2058,63047.0
Census Tract 5203,black,1091.5076645153997,1091.5076645153997,0.0,0.0,0.0,4326.0658,50276.0
Census Tract 5607,white,941.7598311253304,1086.509797530835,0.1537015719098357,144.7499664055047,3.0,228.0678,78411.0
Census Tract 7206,black,1397.5133239451284,1453.1793821906138,0.0398322200523585,55.666058245485374,1.0,444.0148,148450.0
Census Tract 310,white,683.3269014492836,746.5357694426383,0.0925016531023344,63.20886799335472,2.598829288935005,4302.7867,121026.0
Census Tract 505,white,804.7287529376849,816.8838254608478,0.0151045584972457,12.155072523162858,1.25,3968.0908,142548.0
Census Tract 508,white,669.194410233388,693.2777501554376,0.035988555125035,24.083339922049618,3.0002431118957418,630.1625,172888.0
Census Tract 510,white,496.158801228552,501.6272120827835,0.0110214932007475,5.468410854231536,2.418297435939236,1079.6234,180500.0
Census Tract 514,white,413.49965552828826,478.9146252173549,0.1581983656201413,65.41496968906665,2.2024117646818646,244.9161,154044.0
Census Tract 819,white,203.06495997227165,203.06495997227165,0.0,0.0,0.0,361.7502,195083.0
Census Tract 2520,black,749.850044621057,789.0980491114302,0.0523411377673618,39.248004490373205,2.205942148616288,1623.7157,29596.0
Census Tract 403,white,656.9743292927211,687.8517165483286,0.0469993816788079,30.87738725560746,0.952354449630714,1545.2125,86979.0
Census Tract 408,white,634.931033132676,668.6964438084584,0.0531796508814316,33.76541067578239,2.900000054331187,2725.9613,105500.0
Census Tract 501,white,475.12750773273336,510.7342767710768,0.0749415019312515,35.60676903834337,1.7655155797151694,3536.138,123929.0
Census Tract 502,white,550.2016316891242,580.3451004529282,0.0547862220460222,30.14346876380409,0.9974508930607427,4297.4976,138546.0
Census Tract 503,white,706.195052951574,739.7462434115288,0.0475098067024486,33.5511904599548,1.0,864.4405,163625.0
Census Tract 3802,black,1033.0738156612815,1068.6060837890495,0.0343947040270529,35.53226812776802,1.6255287502422104,1899.8944,25167.0
Census Tract 6004,white,403.24411579795526,404.3126671128044,0.0026498869369356,1.0685513148491737,0.1933776655718335,1187.5782000000002,62599.0
Census Tract 815,white,418.3058455335628,420.781272434181,0.0059177439833783,2.4754269006182312,0.3605816200590649,1898.6209,151626.0
Census Tract 7201,black,1041.176295714466,1203.3759064225237,0.1557849630035558,162.19961070805743,2.337810832871961,1812.5295,151613.0
Census Tract 7202,black,952.1653017445456,1024.5231432873948,0.0759929409423721,72.3578415428492,0.7397084734171846,438.1007,118836.0
Census Tract 7207,black,1053.2089968647874,1096.7275015825558,0.0413199135663624,43.51850471776834,0.7503380842220473,1930.2143,118227.0
Census Tract 7301,black,815.6473450566184,819.4069445616695,0.0046093443788383,3.759599505051142,0.1527972272063825,746.3087,65944.0
Census Tract 7303,black,209.0386758384846,209.0386758384846,0.0,0.0,0.0,370.2724,49271.0
Census Tract 311,white,431.4721734156708,436.7818650910502,0.0123059886651465,5.309691675379384,0.343879631818417,4592.4296,79010.0
Census Tract 312,white,782.1968391165146,785.6669218908794,0.0044363293238108,3.470082774364755,0.2539842235224459,869.6111,24389.0
Census Tract 313,white,267.5950738008105,292.5335601575975,0.0931948634276819,24.938486356787,1.8572096780235177,3331.3291,64598.0
Census Tract 314,white,729.2909680271027,734.2444491591906,0.0067921876853735,4.953481132087859,1.0,2051.3238,82526.0
Census Tract 5705,white,980.5080043523168,1042.7730862686471,0.0635028797724705,62.265081916330246,1.2476063358452354,278.1823,77772.0
Census Tract 5801,white,592.1925091739228,600.0672698298176,0.0132976363832763,7.874760655894875,1.0,139.25,51111.0
Census Tract 603,white,409.4846421526245,432.9313181153431,0.0572589873931814,23.44667596271853,0.5923226904253354,4270.5872,140125.0
Census Tract 5804,white,616.5802175270378,616.5802175270378,0.0,0.0,0.0,758.9192,55355.0
Census Tract 5806,white,563.94053466961,576.3221465644383,0.0219555274601465,12.381611894828325,1.0,2447.1056,59631.0
Census Tract 513,white,464.2539461025769,511.6164305805805,0.10201848551986,47.36248447800364,3.0,717.6561,218403.0
Census Tract 5001,black,579.5179302978033,579.5179302978033,0.0,0.0,0.0,2142.0915,71108.0
Census Tract 506,white,265.46386049281364,292.301806894147,0.1010983052514595,26.83794640133334,1.0,2434.3471,109188.0
Census Tract 507,white,585.2903363485591,626.6934706907011,0.0707394805122583,41.40313434214204,1.714522079049539,413.5255,125438.0
Census Tract 509,white,558.1403770598114,638.1153553970906,0.1432882866467641,79.97497833727925,3.0,946.1156,130769.0
Census Tract 511,white,475.93801327793415,500.4393251439528,0.0514800482047451,24.50131186601868,1.25,298.302,159145.0
Census Tract 818,white,377.0251994118989,380.05084620179616,0.0080250518920665,3.0256467898972232,0.2263647445152115,3336.8425,164091.0
Census Tract 901,white,1129.5808997179531,1132.3384797922445,0.0024412417693853,2.7575800742913543,1.0,422.7403,124667.0
Census Tract 902,white,1197.3734278979118,1197.3734278979118,0.0,0.0,0.0,581.5504999999999,119421.0
Census Tract 903,white,933.1495257691754,980.6827666854938,0.0509385040700071,47.53324091631839,1.0,225.6059,107639.0
Census Tract 2602,black,564.8573780207736,568.3079976939465,0.0061088334992873,3.450619673172924,1.3333333333333337,1765.3215,45857.0
Census Tract 624,white,604.5849029581948,654.5229937873916,0.0825989709383296,49.93809082919677,1.9553283269896788,145.815,162500.0
Census Tract 4913,black,105.6409274078861,105.6409274078861,0.0,0.0,0.0,677.2426,40700.0
Census Tract 7204,white,1323.238956720537,1422.2853861800354,0.0748515065676201,99.04642945949809,1.0,1340.8749,116406.0
Census Tract 5304,black,1454.022825363126,1569.7980954010136,0.0796241076951278,115.7752700378876,3.0,282.5415,80147.0
Census Tract 634,white,508.8500076670756,526.1577119242002,0.0340133713203133,17.307704257124556,1.1983575230555146,1258.4408,95833.0
Census Tract 7506,black,857.1510354721734,892.6721663475452,0.0414409239508233,35.5211308753718,0.5,3141.3918000000003,56504.0
Census Tract 401,white,689.6914637759379,722.0567017267059,0.0469271256071143,32.365237950768005,1.4427163227161164,3833.6034,93576.0
Census Tract 406,white,479.8609502697748,498.79614591789925,0.0394597552425952,18.93519564812448,2.4915832262814805,4515.0219,97596.0
Census Tract 407,white,626.6479798826207,648.550552274578,0.0349519556355386,21.90257239195728,2.090594649913827,2021.3228,105400.0
Census Tract 409,white,731.0675854434204,767.5484777749666,0.0499008478257439,36.480892331546215,2.0,671.6692,79803.0
Census Tract 816,white,126.7397723732765,126.7397723732765,0.0,0.0,0.0,626.1431,157623.0
Census Tract 817,white,286.25425181797203,295.4650316290902,0.0321769187797961,9.210779811118186,0.4045156100285062,4216.7636,132903.0
Census Tract 2513,black,837.9778960548399,876.4045780315142,0.0458564386454408,38.42668197667433,2.0,75.9708,38920.0
Census Tract 2514,black,727.7752716555699,781.372785113042,0.0736456919394177,53.59751345747213,2.666666666666667,220.9578,22029.0
Census Tract 2515,black,484.3998895563278,530.7998684101792,0.0957885826447031,46.399978853851394,3.0,2549.7881,40077.0
Census Tract 2519,black,206.49137994238265,206.49137994238265,0.0,0.0,0.0,372.7594,26300.0
Census Tract 6009,white,529.3484711347842,533.505418414392,0.0078529503838868,4.156947279607834,0.4377706588840716,642.3907,68526.0
Census Tract 628,white,511.998973900802,517.3830904500732,0.0105158737101576,5.384116549271141,0.7416351709960181,1235.5931,166538.0
Census Tract 629,white,560.826199614466,581.9763726099535,0.0377125266437748,21.150172995487537,0.9998313682754212,905.4575,159088.0
Census Tract 630,white,510.2196535169883,527.6840139972123,0.0342291018384742,17.46436048022406,1.1620186299075894,2850.809,104052.0
Census Tract 631,white,534.4926322034407,579.0311379204493,0.0833285681289917,44.53850571700855,1.0,1012.0856,99483.0
Census Tract 632,white,298.00376206218885,453.95923786589344,0.5233339160703584,155.9554758037046,1.1903843608860225,7176.2322,81020.0
Census Tract 2516,black,323.2918643622338,349.3258173768134,0.0805277085024624,26.033953014579595,1.0,3065.5925,35417.0
Census Tract 1006,white,615.601427606634,720.2602376239736,0.1700106681432453,104.65881001733952,2.4726187166399165,1511.3064,84000.0
Census Tract 622,white,518.9838763400383,536.7584978359482,0.034248889621118,17.77462149590997,0.9461977803408002,2915.6548,198333.0
Census Tract 2610,black,961.7910208757652,989.1976662871764,0.0284954265703748,27.406645411411205,1.0,1151.2688,45086.0
Census Tract 626,white,607.2147123541374,640.5431704181055,0.0548874350141411,33.32845806396813,1.0,834.8624,195357.0
Census Tract 1101,white,956.9810256635468,983.0557231247828,0.0272468280582224,26.07469746123604,1.194572572732461,1030.4993,96514.0
Census Tract 2609,black,496.700328251346,504.589103575628,0.015882363822981,7.888775324281994,0.3333333333333333,216.0345,19417.0
Census Tract 5201,black,702.8362997109755,702.8362997109755,0.0,0.0,0.0,2256.3585000000003,57446.0
Census Tract 6114,white,810.4018801981265,810.4018801981265,0.0,0.0,0.0,139.533,29194.0
Census Tract 6103,white,355.6182791286091,360.5358753722792,0.0138282999842414,4.917596243670118,0.3794863355018834,2719.6974,38984.0
Census Tract 6108,white,429.6761389331433,438.71152861306473,0.0210283719788483,9.03538967992148,0.1885929392569159,3472.3739,86705.0
Census Tract 627,white,313.1103582281655,323.87154731262325,0.0343686780129323,10.761189084457726,0.4482666513769398,5288.0822,151080.0
Census Tract 5204,black,630.1724452441299,630.1724452441299,0.0,0.0,0.0,124.4221,49505.0
Census Tract 5807,white,649.8352305044571,658.0434243379733,0.0126311924134127,8.208193833516248,0.8655535519036693,4384.3278,57269.0
Census Tract 612,white,488.10675689072383,503.10154682640007,0.0307203080555453,14.994789935676238,0.6169548019652134,897.2868,109479.0
Census Tract 5905,white,560.5870558736735,562.2399915941103,0.0029485798915935,1.6529357204367443,0.2991347692117758,993.1456,69697.0
Census Tract 5906,white,571.943555665611,573.841850708384,0.0033190251449966,1.8982950427729293,0.3435378898858359,1786.9109,65192.0
Census Tract 5907,white,656.9197104105157,660.702175294378,0.0057578800330083,3.782464883862304,0.3695778554159166,2650.5587,76667.0
Census Tract 6006,white,416.18942222771466,417.62844084122247,0.0034576049670009,1.4390186135078125,0.3230474975474275,5575.0647,60625.0
Census Tract 6007,white,891.0081238368361,912.4828533147798,0.0241016090689159,21.474729477943697,0.8494976555407272,1044.3133,65342.0
Census Tract 604,white,566.8784439391274,593.5881487615175,0.0471171643726468,26.70970482239011,1.0000000000000002,1712.5065,162011.0
Census Tract 605,white,448.6584643952679,459.6265090680492,0.0244463117118826,10.968044672781332,0.7488017780219217,277.4319,54250.0
Census Tract 609,white,791.7723608396781,801.396668986326,0.0121553979687308,9.624308146647875,0.5096807758720787,4226.9236,83601.0
Census Tract 610,white,783.3384409378467,852.6147535362546,0.0884372692286967,69.27631259840791,2.216948054528356,1259.713,127872.0
Census Tract 620,white,673.8332378446848,708.1553945771897,0.0509356837936449,34.32215673250482,2.784305556033006,1454.8071,110250.0
Census Tract 621,white,441.0758385872568,461.22324481061673,0.0456778731927166,20.14740622335989,1.1676306841976796,2317.1432,99212.0
Census Tract 2608,black,35.234785014506485,35.234785014506485,0.0,0.0,0.0,605.8912,39696.0
Census Tract 6308,white,727.2154788918625,758.0003473183781,0.0423325263557726,30.784868426515573,2.0,570.1695,68558.0
Census Tract 2831,white,198.3471540710748,198.3471540710748,0.0,0.0,0.0,138.48469999999998,44129.0
Census Tract 2712,black,248.0688220155272,248.0688220155272,0.0,0.0,0.0,210.1306,32401.0
Census Tract 623,white,459.063350743848,472.7985168987876,0.0299199797428475,13.735166154939634,0.6751816720287787,420.9784,227750.0
Census Tract 625,white,739.7252670754881,794.7279452396662,0.0743555487588409,55.002678164178064,1.5190384556289245,1425.3362,145903.0
Census Tract 707,white,421.5960153192158,438.8732817963613,0.0409806209009444,17.27726647714553,0.8991706030673988,1760.8162,160000.0
Census Tract 711,white,363.038596057424,395.40709854836666,0.0891599483979459,32.36850249094266,1.2803760109403652,933.0932,206304.0
Census Tract 713,white,376.25317100870126,388.5947614012667,0.0328012927026733,12.341590392565422,0.6280012961322285,3975.2117,118878.0
Census Tract 1402,white,498.1381503653258,505.69242253058326,0.0151650142831205,7.55427216525743,0.8473659081436054,4386.6124,72629.0
Census Tract 706,white,469.89460538003135,488.2546950827326,0.0390727824760881,18.36008970270126,1.0,68.8381,250001.0
Census Tract 1204,white,887.4815849908919,889.9130080328592,0.0027396884432169,2.4314230419673777,1.0,658.3608,111750.0
Census Tract 1301,white,626.2933322796578,667.5439427783017,0.0658646809291342,41.25061049864394,3.0,1088.0058,58068.0
Census Tract 1401,white,567.0488940828047,570.0280695420153,0.0052538246530386,2.9791754592105235,0.2494322576579574,590.3206,86795.0
Census Tract 2832,white,161.80280940270052,161.964875800755,0.0010016290733934,0.1620663980544918,0.0750926875577373,4839.5924,57055.0
Census Tract 1404,white,686.0310813541591,698.8900670381554,0.0187440278341527,12.858985683996252,0.9129716139866896,324.6458,93036.0
Census Tract 2827,black,328.324143560816,328.324143560816,0.0,0.0,0.0,3167.3244,79330.0
Census Tract 2925,white,653.2861847151595,671.6900845730046,0.028171267491091,18.40389985784509,2.0,1223.5528,52500.0
Census Tract 3006,white,745.836940331216,771.9866140796858,0.0350608455205463,26.14967374846969,1.2000000000000002,1951.356,48915.0
Census Tract 3007,white,233.5498668473767,233.5498668473767,0.0,0.0,0.0,1231.4368,46554.0
Census Tract 2828,black,274.17427956776226,274.17427956776226,0.0,0.0,0.0,1081.1789,81286.0
Census Tract 2838,white,1280.3844912485683,1380.374436646404,0.0780936867646141,99.98994539783553,3.0,6825.8995,77422.0
Census Tract 2909,white,610.708507082453,663.3512122132192,0.086199397126883,52.64270513076622,1.7094765816349575,4694.0781,34349.0
Census Tract 2916,white,544.9753325170561,549.074196032704,0.0075211909073326,4.0988635156478495,0.5916240124272057,1507.7243,120207.0
Census Tract 2713,black,599.9544867638219,631.4346144494262,0.0524708596737218,31.48012768560432,1.3882471733473036,670.5723,23900.0
Census Tract 2809,black,224.69834936944767,232.49163239341377,0.0346833122977349,7.793283023966097,1.0,1228.8782,47784.0
Census Tract 703,white,367.01063421869736,381.7912172912395,0.0402729013670338,14.780583072542129,0.9123801487667592,7086.556200000001,191051.0
Census Tract 3005,white,466.92643819718046,469.100365266224,0.0046558234685471,2.173927069043544,0.1428571428571428,4310.0288,50329.0
Census Tract 2912,white,189.01057550281715,189.01057550281715,0.0,0.0,0.0,610.0758,24120.0
Census Tract 6304,white,633.7184831624378,644.3366694791916,0.0167553678784403,10.61818631675385,1.0,798.2373,39828.0
Census Tract 6305,white,1005.8047347587874,1007.5429791693756,0.0017282125948683,1.7382444105883224,1.0,311.9874,48986.0
Census Tract 1103,white,705.108565115329,705.108565115329,0.0,0.0,0.0,1899.0792,115833.0
Census Tract 1104,white,374.2097787173637,415.1417209461949,0.1093823426237791,40.93194222883125,0.4511782307091286,5948.7537,81250.0
Census Tract 2714,black,419.95714174550005,451.38259726814766,0.0748301490767166,31.42545552264761,0.7506512820845058,277.8366,40670.0
Census Tract 710,white,466.0622259354272,466.0622259354272,0.0,0.0,0.0,1963.4318,202115.0
Census Tract 2819,white,178.1811278373764,179.1569567363936,0.0054766119782775,0.9758288990171876,0.1846547613210882,1550.116,135243.0
Census Tract 5501,white,992.6153593804524,992.6153593804524,0.0,0.0,0.0,5381.4422,
Census Tract 712,white,377.70639691035626,385.09956695511175,0.0195738544679987,7.393170044755493,0.3762106398891095,921.269,125581.0
Census Tract 6115,white,692.9776171752803,692.9776171752803,0.0,0.0,0.0,69.0442,40960.0
Census Tract 6118,white,423.5114371858311,432.2676506256252,0.020675270301973,8.756213439794124,0.5,142.7322,
Census Tract 6119,white,507.4899391545493,507.4899391545493,0.0,0.0,0.0,1472.5742,34000.0
Census Tract 6202,white,430.3604787704172,438.5973309251812,0.0191394251124022,8.236852154763994,0.5,424.7998,62250.0
Census Tract 702,white,425.7825721931937,457.6409831818686,0.0748231916223652,31.858410988674905,1.2128877576498367,1638.8716,108083.0
Census Tract 704,white,421.2633823306201,445.0014994725848,0.0563498232640935,23.73811714196472,1.776380307725523,1189.4431,243795.0
Census Tract 705,white,430.4386939346505,441.045738339704,0.0246424044922502,10.607044405053555,0.8629626738293914,509.8246,186757.0
Census Tract 1303,white,844.1656448792284,875.0032895152368,0.0365303241408506,30.837644636008463,1.95948129124488,665.0977,66154.0
Census Tract 2922,white,273.7069151995907,274.3859903143842,0.0024810301716282,0.679075114793477,0.1359881749465816,4947.5971,33736.0
Census Tract 6309,white,857.5514670580272,905.3835914173336,0.0557775552800373,47.83212435930625,2.3586211987889576,620.3911,41600.0
