,Unnamed: 0,majority,shortest_path,shortest_restricted_path,relative_increase,absolute_increase,n_cameras
0,Census Tract 8424,1,885.3341913143815,885.3341913143815,0.0,0.0,0.0
1,Census Tract 8403,0,684.660643127557,684.7178842230038,8.360506189651055e-05,0.0572410954467841,1.0
2,Census Tract 8411,0,347.68708957709606,348.0546847838771,0.0010572587185454,0.3675952067810613,0.2222222222222222
3,Census Tract 8412,0,497.9828549310228,499.2580216584523,0.0025606639160421,1.275166727429507,0.2307692307692307
4,Census Tract 8390,0,340.28839531506,362.8465028824373,0.0662911456222056,22.558107567377306,0.5357142857142857
5,Census Tract 8382,1,0.0,0.0,0.0,0.0,0.0
6,Census Tract 6503.01,0,658.9288679299073,704.8983143278825,0.0697638981008572,45.96944639797528,2.0
7,Census Tract 7608.03,0,1042.9809436658572,1042.9809436658572,0.0,0.0,0.0
8,Census Tract 306.01,0,724.4772522661398,788.5086535139344,0.0883829009779211,64.03140124779463,1.263157894736842
9,Census Tract 306.04,0,723.032521798713,733.3140430306396,0.0142199983015271,10.281521231926604,0.5454545454545454
10,Census Tract 208.01,0,590.9193738656454,641.3287930498282,0.0853067633481316,50.40941918418275,1.714285714285714
11,Census Tract 5401.02,1,748.7535203339974,751.9064219491856,0.0042108671673181,3.1529016151882843,0.6000000000000001
12,Census Tract 8433,0,498.0758138338664,498.0758138338664,0.0,0.0,0.0
13,Census Tract 5401.01,1,726.5531890521261,726.5531890521261,0.0,0.0,0.0
14,Census Tract 4402.01,1,795.2382418890244,801.2463271084658,0.0075550758288104,6.008085219441455,0.1
15,Census Tract 802.02,0,286.5551098042061,290.81700676788125,0.0148728702363294,4.261896963675099,0.6000000000000001
16,Census Tract 701.02,0,489.30618270194736,525.5251094921587,0.0740209874116253,36.2189267902113,2.142857142857143
17,Census Tract 315.01,0,869.6211060677782,871.9280737127468,0.0026528422882928,2.3069676449686085,0.2857142857142857
18,Census Tract 315.02,0,663.5011160636964,665.3170372888665,0.0027368774237235,1.8159212251700865,0.2222222222222222
19,Census Tract 8348,1,111.47062566595883,111.47062566595883,0.0,0.0,0.0
20,Census Tract 1605.02,0,614.725756064588,660.2587077724392,0.0740703496781206,45.53295170785111,2.0
21,Census Tract 1407.02,0,798.2561525110416,807.0028017864743,0.0109571961931251,8.746649275432674,0.5555555555555556
22,Census Tract 8420,0,123.15513152919608,123.15513152919608,0.0,0.0,0.0
23,Census Tract 1504.02,0,568.0648452820615,603.5551813924119,0.0624758536021154,35.49033611035043,2.25
24,Census Tract 8344,1,366.8171883234976,382.2031061446399,0.041944375320748,15.3859178211423,0.8
25,Census Tract 402.01,0,734.8729752182768,776.1593363379387,0.0561816293590042,41.28636111966193,2.125
26,Census Tract 402.02,0,699.0228519988614,770.1060114744871,0.1016893214182667,71.08315947562573,2.6000000000000005
27,Census Tract 207.02,0,347.00788691230935,357.19556312668954,0.0293586301597654,10.18767621438019,0.75
28,Census Tract 208.02,0,665.1737613841655,744.2089616578553,0.1188188784073876,79.03520027368984,3.5
29,Census Tract 203.01,0,1254.7847448283733,1291.3882732173834,0.0291711614600611,36.60352838901008,5.0
30,Census Tract 8387,0,507.8897040021101,523.9117499374348,0.0315463097776405,16.02204593532474,0.3333333333333333
31,Census Tract 206.01,0,615.3335918214452,662.6299279303173,0.0768629191344332,47.29633610887208,3.2
32,Census Tract 8415,0,600.1417354795914,605.6674579651191,0.0092073624593229,5.525722485527695,1.0
33,Census Tract 8386,1,181.60367663820372,185.596044465578,0.0219839592528073,3.992367827374266,0.6000000000000001
34,Census Tract 8373,1,163.31222963545727,163.31222963545727,0.0,0.0,0.0
35,Census Tract 206.02,0,916.062011747296,950.72542758153,0.0378395953436787,34.663415834234,3.166666666666667
36,Census Tract 633.01,0,434.726473926464,443.3376066671221,0.019808162734793,8.61113274065815,0.6470588235294117
37,Census Tract 8378,1,342.1779228547558,346.5873838562711,0.0128864567436952,4.409461001515297,0.5
38,Census Tract 8369,1,488.34191471422827,490.8276972854042,0.0050902502862787,2.485782571176003,0.8333333333333333
39,Census Tract 203.02,0,0.0,0.0,0.0,0.0,0.0
40,Census Tract 107.01,0,779.8582484554166,798.6799467101742,0.0241347684557235,18.82169825475762,1.0
41,Census Tract 301.03,0,844.7844019661802,918.1745782130168,0.0868744452146911,73.39017624683652,1.1666666666666663
42,Census Tract 633.03,0,798.584429062988,798.584429062988,0.0,0.0,0.0
43,Census Tract 301.02,0,811.9123629137088,880.3917458914096,0.0843433184487412,68.47938297770088,1.375
44,Census Tract 105.02,0,630.559510480962,658.7222738948084,0.0446631332106387,28.162763413846392,1.4
45,Census Tract 105.03,0,256.7869650015168,264.77572322701684,0.0311104507405694,7.988758225500021,0.4814814814814814
46,Census Tract 107.02,0,140.572240258793,140.572240258793,0.0,0.0,0.0
47,Census Tract 8371,1,482.75271439496737,485.5155756377312,0.0057231397367211,2.7628612427638477,0.5
48,Census Tract 8370,1,272.0826342551502,282.88736085648566,0.0397111952069794,10.80472660133546,0.6666666666666666
49,Census Tract 102.01,0,997.4619345528688,1047.2479024250692,0.0499126494431269,49.78596787220056,2.3636363636363638
50,Census Tract 404.01,0,580.6961991261295,626.6117580330427,0.0790698457747959,45.91555890691325,1.894736842105263
51,Census Tract 2106.02,0,0.0,0.0,0.0,0.0,0.0
52,Census Tract 1605.01,0,426.4282478587886,462.85916932353246,0.0854327114764871,36.43092146474385,1.25
53,Census Tract 1906.02,0,976.8293440246488,1076.8703270529725,0.1024139821763989,100.0409830283238,4.333333333333333
54,Census Tract 8402,0,258.82753520374285,258.82753520374285,0.0,0.0,0.0
55,Census Tract 207.01,0,1002.0647381695976,1002.0647381695976,0.0,0.0,0.0
56,Census Tract 8314,1,634.6472599651673,635.4179559195924,0.001214368993679,0.7706959544250367,0.3333333333333333
57,Census Tract 105.01,0,864.7055718971776,896.3231915222098,0.0365646072519951,31.617619625032148,1.8181818181818183
58,Census Tract 8330,0,371.49707931652415,384.1396323853848,0.0340313659857574,12.642553068860591,0.4
59,Census Tract 2521.01,1,647.1308996512407,647.1308996512407,0.0,0.0,0.0
60,Census Tract 2521.02,1,538.5379774700481,550.371140456471,0.0219727549058155,11.833162986422964,0.5
61,Census Tract 2522.02,1,911.9545706218717,1069.704591672216,0.1729801309540811,157.75002105034423,10.0
62,Census Tract 2206.01,0,508.429632557707,543.2877045093992,0.06856026816599,34.85807195169218,2.0
63,Census Tract 2105.02,0,580.9669942800862,627.5081659773992,0.08010983783164,46.54117169731308,1.857142857142857
64,Census Tract 2206.02,0,566.7645607373032,604.8376824393231,0.0671762568437423,38.07312170201988,2.5675675675675675
65,Census Tract 2209.01,0,401.9939442578016,417.05011930821945,0.0374537359716102,15.056175050417892,1.0
66,Census Tract 2209.02,0,0.0,0.0,0.0,0.0,0.0
67,Census Tract 2004.01,0,600.4242097228173,646.1578355343906,0.0761688570697141,45.73362581157335,1.5
68,Census Tract 2004.02,0,79.7810961819533,79.7810961819533,0.0,0.0,0.0
69,Census Tract 1913.01,0,853.3419415227575,957.60038561308,0.1221766316844538,104.25844409032266,3.0
70,Census Tract 1906.01,0,625.3860687055196,709.673303258509,0.1347763226121341,84.28723455298939,3.6666666666666665
71,Census Tract 1907.01,0,1224.268358351277,1363.2062891199084,0.1134864997701481,138.93793076863176,6.0
72,Census Tract 1904.02,0,698.3178156285001,741.1555700316471,0.061344209533867,42.83775440314707,4.0
73,Census Tract 8321,0,574.4751534233094,579.7655834122262,0.0092091537073292,5.290429988916799,0.2916666666666666
74,Census Tract 8428,0,233.78820286450932,237.99499576980745,0.0179940341460946,4.206792905298073,0.3333333333333333
75,Census Tract 8333,0,266.8865987249976,268.7911150802854,0.0071360509084617,1.9045163552877968,0.2
76,Census Tract 8329,0,358.86316330648515,366.45468709390366,0.0211543690287738,7.591523787418509,0.2727272727272727
77,Census Tract 8381,1,264.783551573889,265.8111294348985,0.0038808221088564,1.0275778610094903,0.3333333333333333
78,Census Tract 307.06,0,643.4952012128683,661.130603396204,0.0274056467710967,17.635402183335714,1.0
79,Census Tract 3815,1,752.1987107155892,831.8504990889869,0.1058919501438956,79.65178837339772,1.3333333333333333
80,Census Tract 8331,0,317.02276013721234,324.1532595825745,0.022492074203997,7.130499445362148,0.9166666666666666
81,Census Tract 8391,0,262.1602979608981,266.7007733563637,0.0173194622938016,4.540475395465592,0.238095238095238
82,Census Tract 812.01,0,222.7325640620085,225.26115357044617,0.0113525811507909,2.5285895084377046,0.2857142857142857
83,Census Tract 1504.01,0,505.9261241126651,559.1691306603988,0.1052386979247526,53.24300654773367,0.6666666666666666
84,Census Tract 1505.01,0,902.2019866538172,902.2019866538172,0.0,0.0,0.0
85,Census Tract 8430,1,326.97284823420057,326.97284823420057,0.0,0.0,0.0
86,Census Tract 8429,0,1335.041213152996,1335.041213152996,0.0,0.0,0.0
87,Census Tract 8421,1,663.1391376176007,736.5180926366779,0.1106539349836884,73.37895501907724,2.5
88,Census Tract 8419,0,293.5974992261283,301.021272577572,0.0252855469512221,7.423773351443685,0.2272727272727272
89,Census Tract 802.01,0,310.7486367140882,320.675034475488,0.03194349576675,9.926397761399812,0.4
90,Census Tract 701.01,0,585.8543034242032,773.5891395017527,0.3204462866966689,187.73483607754952,1.238095238095238
91,Census Tract 812.02,1,,,0.0,,
92,Census Tract 404.02,0,633.7467296491789,668.0418314685572,0.0541148383335453,34.295101819378374,1.3928571428571428
93,Census Tract 2207.02,0,657.1189505095306,705.91877912809,0.0742633104413135,48.799828618559445,2.75
94,Census Tract 8422,0,365.5402270785799,382.6833479584736,0.0468980418842068,17.14312087989373,1.0
95,Census Tract 8437,0,323.0351906746002,353.46748455362444,0.094207364267255,30.432293879024257,0.6666666666666666
96,Census Tract 8350,0,892.5118135650483,922.1594526453824,0.033218203534931,29.647639080334216,2.142857142857143
97,Census Tract 8423,0,270.8934639137888,283.7696975806887,0.0475324634299694,12.876233666899909,0.125
98,Census Tract 2302,0,453.047833415925,509.7422868395052,0.1251401049556091,56.69445342358017,1.0
99,Census Tract 8351,0,662.5313987903049,685.3400570468631,0.0344265317812918,22.808658256558147,2.0
100,Census Tract 1510.01,0,645.8673622155661,674.2692809087052,0.0439748473985586,28.401918693139123,1.5
101,Census Tract 1510.02,0,764.3566923478793,787.8052276837873,0.0306774776366266,23.44853533590799,1.0
102,Census Tract 1606.02,0,564.8919793679734,588.5107363325568,0.0418111034095565,23.61875696458344,1.7999999999999998
103,Census Tract 1406.01,0,472.93890099200775,507.7228837471662,0.0735485761103552,34.78398275515843,1.0
104,Census Tract 1407.01,0,791.7325714527894,795.0421093911586,0.0041801209874394,3.3095379383692034,0.2857142857142857
105,Census Tract 1406.02,0,642.5994957281939,676.1663058213207,0.0522359732870454,33.56681009312683,1.3076923076923077
106,Census Tract 3905,1,494.285722477429,494.285722477429,0.0,0.0,0.0
107,Census Tract 8426,0,571.4967436069073,571.4967436069073,0.0,0.0,0.0
108,Census Tract 8435,0,523.8295840354573,523.8295840354573,0.0,0.0,0.0
109,Census Tract 8434,0,430.4522677858173,430.4522677858173,0.0,0.0,0.0
110,Census Tract 1403.02,0,601.3703392184643,681.1824260169485,0.1327170324066985,79.81208679848419,3.0
111,Census Tract 1105.01,0,816.8268875694067,844.6536293598615,0.034066877834124,27.826741790454776,1.4285714285714284
112,Census Tract 3904,1,158.58364308261736,158.58364308261736,0.0,0.0,0.0
113,Census Tract 8432,0,548.9199686721079,550.0760126037453,0.0021060336617631,1.1560439316374411,0.5
114,Census Tract 1105.02,0,605.9950209582681,627.4752485734572,0.0354462113916746,21.48022761518905,0.5
115,Census Tract 8343,1,751.5232354763738,759.0790145547763,0.010053952721253,7.555779078402566,0.3636363636363636
116,Census Tract 8439,1,962.5797949712615,966.5470418929492,0.0041214732975003,3.967246921687433,0.3333333333333333
117,Census Tract 8312,0,646.2557385950014,695.4992744681053,0.0761982183402538,49.24353587310395,3.0
118,Census Tract 8316,0,643.4355290137771,673.1828397441709,0.046231998994505,29.747310730393792,1.0
119,Census Tract 8315,0,938.5149871079155,1073.4229798127335,0.1437462316084524,134.90799270481818,6.5
120,Census Tract 8311,0,536.9875760193268,572.5307023972746,0.0661898486393819,35.54312637794783,1.6923076923076923
121,Census Tract 8317,0,653.3785787304341,676.1263619142574,0.0348156243934779,22.74778318382323,2.0
122,Census Tract 2715,1,366.9416415141575,368.09768544579504,0.003150484439071,1.156043931637555,0.5
123,Census Tract 4402.02,1,522.6540870230584,522.6540870230584,0.0,0.0,0.0
124,Census Tract 4401.02,1,637.8987552273538,637.8987552273538,0.0,0.0,0.0
125,Census Tract 4301.02,1,,,0.0,,
126,Census Tract 306.03,0,557.1613891441764,577.0611283135667,0.0357162925448892,19.899739169390276,1.0833333333333333
127,Census Tract 307.01,0,890.749657096381,913.5108393882028,0.0255528386797447,22.7611822918218,1.5
128,Census Tract 8363,1,463.4694984979756,463.4694984979756,0.0,0.0,0.0
129,Census Tract 8383,0,327.64473171992614,337.4925880162985,0.0300565073782123,9.847856296372356,0.5
130,Census Tract 8398,0,417.9414095159785,417.9414095159785,0.0,0.0,0.0
131,Census Tract 8366,1,767.181771159004,794.5619212960926,0.0356892605721386,27.38015013708855,1.0
132,Census Tract 7302.02,1,1478.530869876752,1533.8949302509573,0.0374453192031223,55.36406037420511,3.0
133,Census Tract 4301.01,1,794.9975490603158,802.2476418903627,0.0091196417380361,7.250092830046924,0.8
134,Census Tract 633.02,0,394.5278545851125,397.5009178009137,0.0075357498367959,2.9730632158012327,0.1333333333333333
135,Census Tract 8362,1,195.29154570939212,195.29154570939212,0.0,0.0,0.0
136,Census Tract 714,0,315.33068806416475,323.7454178325514,0.0266854133990105,8.414729768386678,0.2666666666666666
137,Census Tract 8401,0,383.21028364826014,383.21028364826014,0.0,0.0,0.0
138,Census Tract 5805.02,0,890.6497790108192,895.5978575224949,0.0055555827085829,4.948078511675703,0.4
139,Census Tract 8414,0,293.8932946090114,294.66399056343647,0.0026223665818929,0.7706959544250935,0.3333333333333333
140,Census Tract 814.01,0,540.0383551872358,544.6116522962617,0.0084684672210741,4.57329710902593,1.0
141,Census Tract 814.03,0,280.6038929230543,302.79313748897016,0.079076752409848,22.189244565915885,0.5555555555555556
142,Census Tract 307.03,0,750.8505009453734,830.7959864121815,0.1064732398342295,79.94548546680812,1.9473684210526316
143,Census Tract 8360,1,349.2508146490806,350.5001222435071,0.0035771071734844,1.2493075944265115,0.25
144,Census Tract 8358,1,569.8262168032905,579.8396921690262,0.017572858303907,10.013475365735644,0.1666666666666666
145,Census Tract 8359,1,358.83514313661965,358.83514313661965,0.0,0.0,0.0
146,Census Tract 8345,1,674.4189351882957,674.4189351882957,0.0,0.0,0.0
147,Census Tract 8436,1,728.3666748472242,730.8979657149316,0.0034752974773843,2.531290867707412,0.5
148,Census Tract 5805.01,0,685.2993513428428,685.2993513428428,0.0,0.0,0.0
149,Census Tract 8346,1,536.3321177210034,538.7775796558174,0.0045596037492687,2.4454619348139204,1.0
150,Census Tract 8318,0,722.5636061305286,752.8974439087145,0.041980854724513,30.333837778185966,2.6000000000000005
151,Census Tract 716,0,255.20019091464852,255.20019091464852,0.0,0.0,0.0
152,Census Tract 8326,0,337.33376342679253,349.2110527572779,0.0352093108315941,11.877289330485382,0.4285714285714285
153,Census Tract 619.01,0,503.0360156380322,536.8500120686257,0.0672198319392798,33.81399643059348,1.3043478260869563
154,Census Tract 8399,0,828.0271706605306,850.3741943763978,0.0269882734621384,22.34702371586718,1.0
155,Census Tract 301.04,0,267.74244576821127,283.524745832136,0.0589458276540421,15.782300063924708,0.6666666666666666
156,Census Tract 8397,0,502.00152020530993,505.8880873251632,0.0077421421318877,3.8865671198532254,0.1538461538461538
157,Census Tract 8339,1,779.3543671627076,779.3543671627076,0.0,0.0,0.0
158,Census Tract 8368,1,352.5914637124474,374.9917917165577,0.063530545431408,22.400328004110293,0.6666666666666666
159,Census Tract 8388,1,1123.7410614937407,1123.7410614937407,0.0,0.0,0.0
160,Census Tract 8367,1,510.1463803487202,518.2977742718141,0.0159785391744263,8.151393923093849,1.0
161,Census Tract 8322,0,306.66732200462343,307.32357224986487,0.0021399418788792,0.6562502452414378,0.3076923076923077
162,Census Tract 2522.01,1,729.5189532431001,789.5998054375139,0.0823568077667103,60.08085219441375,1.0
163,Census Tract 8310,0,217.0019439792821,217.0019439792821,0.0,0.0,0.0
164,Census Tract 8324,0,543.3564499643826,568.9948242312462,0.0471851843638631,25.638374266863597,1.375
165,Census Tract 701.03,0,361.6432436992639,393.4777297022293,0.0880273212830667,31.83448600296549,1.0
166,Census Tract 2207.01,0,618.0405716296079,640.0402315507606,0.0355958183508008,21.99965992115267,1.4285714285714284
167,Census Tract 6603.02,0,521.0041518229934,539.5911477650845,0.0356753317167535,18.586995942091107,1.5714285714285712
168,Census Tract 3018.02,0,922.7059658612844,924.087396482666,0.0014971515005783,1.38143062138181,0.25
169,Census Tract 8340,1,559.6643216747626,562.1483664055608,0.004438454685417,2.484044730798132,0.2
170,Census Tract 8342,1,488.36066069041175,488.36066069041175,0.0,0.0,0.0
171,Census Tract 7302.01,1,901.3695711732968,937.1975518637636,0.0397483805048246,35.8279806904668,1.833333333333333
172,Census Tract 8355,0,538.9690990687374,542.5142370039785,0.0065776274398042,3.545137935241087,0.3333333333333333
173,Census Tract 8395,0,442.723746800844,442.723746800844,0.0,0.0,0.0
174,Census Tract 8392,0,762.0075159979879,782.6183159741936,0.0270480271434227,20.61079997620573,1.0
175,Census Tract 8404,0,611.5288021024207,620.616555458841,0.0148607119160648,9.087753356420308,0.5
176,Census Tract 8410,0,382.62214157062334,382.62214157062334,0.0,0.0,0.0
177,Census Tract 301.01,0,644.5437299105798,731.3505942852843,0.1346795575635302,86.80686437470445,2.090909090909091
178,Census Tract 7003.02,1,1099.3674098800705,1180.5862876128822,0.0738778291978583,81.21887773281173,3.0
179,Census Tract 8407,0,521.3815512015303,523.7796087963809,0.0045994293225838,2.3980575948505702,0.4
180,Census Tract 8413,0,665.5682537814853,707.615334249849,0.0631747085734174,42.04708046836368,0.9999999999999998
181,Census Tract 3018.01,0,805.1037430124524,864.6868099011037,0.0740066946723036,59.58306688865139,2.4285714285714284
182,Census Tract 608,0,516.7901305306442,517.878451084123,0.0021059236413072,1.088320553478752,0.2307692307692307
183,Census Tract 8323,0,401.8088913879901,402.3224195950932,0.0012780409247021,0.513528207103036,1.0
184,Census Tract 8325,0,279.62292982799465,279.62292982799465,0.0,0.0,0.0
185,Census Tract 8320,0,571.0123873412465,590.9290172665893,0.0348795058861661,19.916629925342814,1.0
186,Census Tract 1606.01,0,693.3826550358374,733.9869479064384,0.058559718181157,40.60429287060106,2.0
187,Census Tract 2105.01,0,596.5751669944707,629.1742987399809,0.054643796036204,32.59913174551025,1.125
188,Census Tract 2106.01,0,576.4036403105083,596.5292049647769,0.0349157486989967,20.1255646542686,0.875
189,Census Tract 813,0,164.94696674922938,168.85182558616094,0.0236734200930664,3.904858836931567,0.4285714285714285
190,Census Tract 7005.02,1,656.4627341728144,669.7067216051967,0.0201747741995903,13.243987432382257,2.0
191,Census Tract 611,0,578.9157471686516,612.8689618329231,0.0586496650511393,33.95321466427151,2.0
192,Census Tract 8364,1,,,0.0,,
193,Census Tract 8365,1,548.8783357263271,554.5816120861123,0.01039078423862,5.70327635978515,0.75
194,Census Tract 8396,1,575.1420173887919,575.1420173887919,0.0,0.0,0.0
195,Census Tract 8400,0,409.6212972627555,412.40599124444304,0.0067982158161597,2.7846939816875533,0.3
196,Census Tract 8308,0,647.7259580418083,661.9187023486166,0.0219116497194516,14.192744306808322,0.9333333333333332
197,Census Tract 4603.01,1,599.4779483386903,599.4779483386903,0.0,0.0,0.0
198,Census Tract 3104,0,384.551962375839,384.551962375839,0.0,0.0,0.0
199,Census Tract 811,0,323.3271283114724,323.9453405840375,0.0019120334127038,0.6182122725651311,0.25
200,Census Tract 1507,0,684.7649577933621,734.6386176851054,0.0728332536940264,49.87365989174327,1.75
201,Census Tract 3017.02,0,575.9809745944193,575.9809745944193,0.0,0.0,0.0
202,Census Tract 7003.01,1,326.4333613749825,386.9725860018801,0.1854566101084094,60.53922462689764,1.0
203,Census Tract 4909.02,1,436.65403096350815,441.1290723406988,0.0102484829175083,4.475041377190678,1.0
204,Census Tract 618,0,574.9904515009243,623.0408864511958,0.0835673615532973,48.05043495027144,1.5
205,Census Tract 4909.01,1,883.2661165942051,892.38663471564,0.0103259005978886,9.120518121434884,0.3333333333333333
206,Census Tract 8319,0,626.8231561821852,657.5615913345838,0.0490384486425457,30.73843515239855,1.0
207,Census Tract 8306,0,644.6869912144359,668.242513776087,0.0365379213209779,23.55552256165106,1.75
208,Census Tract 8309,0,342.6881289956448,355.39161667244457,0.037070113032603,12.703487676799796,0.5
209,Census Tract 8307,0,460.6331078010245,467.2557421509004,0.014377243488839,6.622634349875966,0.25
210,Census Tract 7005.01,1,950.88674011582,1010.2092276773632,0.0623864915334896,59.3224875615432,2.333333333333333
211,Census Tract 4603.02,1,207.54281002523143,207.54281002523143,0.0,0.0,0.0
212,Census Tract 4313.02,1,686.2401884415926,686.2401884415926,0.0,0.0,0.0
213,Census Tract 4313.01,1,1135.8342584501431,1149.3946604089858,0.0119387154049623,13.560401958842704,0.8888888888888888
214,Census Tract 4401.01,1,718.3379844673509,728.653686622553,0.0143605132657034,10.315702155202075,0.3076923076923077
215,Census Tract 3102,0,228.18383463541696,228.18383463541696,0.0,0.0,0.0
216,Census Tract 3103,0,310.49233186350784,316.88689226298203,0.0205949060355063,6.394560399474187,0.25
217,Census Tract 3105,0,376.680705173415,389.29219705888175,0.0334805890300665,12.611491885466762,0.1666666666666666
218,Census Tract 5103,1,1052.4560288627106,1082.0155303628003,0.028086210434874,29.559501500089937,1.4166666666666667
219,Census Tract 4914,1,1101.2650487223668,1108.1556209642029,0.0062569608014257,6.890572241836026,0.5555555555555556
220,Census Tract 5002,1,1338.3805247334424,1338.3805247334424,0.0,0.0,0.0
221,Census Tract 5302,1,1347.367805358018,1347.367805358018,0.0,0.0,0.0
222,Census Tract 1405,0,593.1804735934908,616.3695992411615,0.0390928674829615,23.18912564767072,0.5
223,Census Tract 1408,0,648.7888097629344,686.9769909543327,0.0588607272763414,38.18818119139826,2.125
224,Census Tract 3011,0,356.03470203200175,357.41613265338367,0.0038800448762372,1.3814306213819236,0.25
225,Census Tract 1502,0,513.2055455195296,557.2305399349098,0.0857843310535795,44.024994415380206,1.2000000000000002
226,Census Tract 1503,0,558.957430588162,582.5751529182769,0.042253168197913,23.61772233011493,1.0
227,Census Tract 3012,0,470.6571789544984,479.5761534473038,0.0189500445156658,8.918974492805432,0.7777777777777778
228,Census Tract 7404,0,1119.6219281576905,1140.809210125667,0.0189236039730303,21.187281967976787,0.5
229,Census Tract 204,0,0.0,0.0,0.0,0.0,0.0
230,Census Tract 6403,0,1083.3613300751522,1281.8794285632375,0.1832427399585272,198.51809848808531,4.333333333333333
231,Census Tract 6406,0,1161.7512670642238,1279.824293611613,0.1016336542035911,118.0730265473892,3.0
232,Census Tract 104,1,,,0.0,,
233,Census Tract 718,0,395.128147351767,395.128147351767,0.0,0.0,0.0
234,Census Tract 1603,0,589.8513429035719,596.4967587361368,0.0112662553243543,6.645415832564936,0.3333333333333333
235,Census Tract 3107,0,295.0424489905485,295.0424489905485,0.0,0.0,0.0
236,Census Tract 715,0,565.5850859618536,567.2362463392162,0.0029193845777503,1.6511603773626575,0.3333333333333333
237,Census Tract 717,0,397.5046438398919,400.9088571106541,0.0085639584933589,3.404213270762284,0.5555555555555556
238,Census Tract 6712,1,458.1938257828144,489.55969315263474,0.0684554561952738,31.365867369820364,1.4
239,Census Tract 6705,1,1132.6856962330742,1151.333029351335,0.0164629368767306,18.647333118260804,1.8
240,Census Tract 6708,1,964.8680733587272,971.5817322330196,0.0069581107092931,6.713658874292378,1.0
241,Census Tract 6709,1,793.239764339519,827.7352351529595,0.0434868149129699,34.495470813440534,1.0
242,Census Tract 6714,1,698.5010050058381,726.9080556385502,0.0406685894925443,28.40705063271207,1.2857142857142856
243,Census Tract 6715,1,307.742654042116,318.33757216632034,0.0344278506246795,10.594918124204412,0.25
244,Census Tract 6716,1,256.91525888740364,256.91525888740364,0.0,0.0,0.0
245,Census Tract 2305,0,818.6991500340966,957.0808980437878,0.1690263731236656,138.38174800969114,6.333333333333333
246,Census Tract 2406,0,513.6082755784369,542.9657036308556,0.0571591803487897,29.357428052418754,1.5
247,Census Tract 2410,0,0.0,0.0,0.0,0.0,0.0
248,Census Tract 803,0,268.055614157753,268.61045632615605,0.0020698770669154,0.55484216840307,0.1
249,Census Tract 3008,0,309.80726412839715,327.123622940596,0.0558939728573381,17.316358812198814,1.0
250,Census Tract 6502,0,812.4272960532996,847.8513106827386,0.0436026888824707,35.42401462943894,1.75
251,Census Tract 2214,0,471.3202552775881,479.3581353034111,0.0170539668851893,8.037880025822972,1.2222222222222223
252,Census Tract 1610,0,98.95559569912216,98.95559569912216,0.0,0.0,0.0
253,Census Tract 2405,0,370.9199762176779,374.8436791506936,0.0105783004006044,3.923702933015648,0.5714285714285714
254,Census Tract 2407,0,542.0233788846006,589.1778668183033,0.0869971476705291,47.15448793370274,1.75
255,Census Tract 2408,0,531.2247883967711,558.6627414788711,0.0516503628622213,27.43795308209997,0.5555555555555556
256,Census Tract 2409,0,631.7487911549381,675.057082870692,0.0685530266493735,43.30829171575397,3.0
257,Census Tract 2411,0,451.8315643224034,473.1518512156634,0.0471863600880416,21.32028689326006,1.214285714285714
258,Census Tract 1903,0,500.5778793770593,598.2445905578309,0.1951079246696083,97.6667111807716,4.0
259,Census Tract 1908,0,814.6658020818431,933.365445142368,0.1457034808104049,118.69964306052498,4.5
260,Census Tract 1911,0,765.3850680440432,864.8645757779003,0.1299731493169561,99.47950773385708,4.333333333333333
261,Census Tract 801,0,456.533088040876,458.5377730793107,0.0043911056853238,2.004685038434729,0.2857142857142857
262,Census Tract 804,0,285.3248415902299,285.90776240930705,0.0020430075973347,0.5829208190771737,0.1428571428571428
263,Census Tract 810,0,370.0992353905205,382.3070361581084,0.0329852093714987,12.207800767587912,1.1428571428571428
264,Census Tract 1506,0,825.4753208249135,914.018397886908,0.1072631426140173,88.54307706199438,4.0
265,Census Tract 3016,0,340.8009655900682,340.8009655900682,0.0,0.0,0.0
266,Census Tract 7503,0,1162.7585366948088,1173.1858750582128,0.0089677590267745,10.427338363404033,0.25
267,Census Tract 6408,0,1046.892409315846,1158.9201025080322,0.1070097482752763,112.02769319218623,2.0
268,Census Tract 7402,0,2532.2486892665656,2617.0327950993887,0.0334817453720865,84.78410583282312,2.0
269,Census Tract 6504,0,1904.728186759537,2113.5250550143546,0.10962029632692,208.7968682548176,6.0
270,Census Tract 6505,0,1399.251398780804,1484.2713378541291,0.0607610177466357,85.0199390733253,3.0
271,Census Tract 6606,0,537.4305048899251,547.2443403971552,0.0182606595977279,9.81383550723001,0.6
272,Census Tract 2211,0,597.4434751879006,623.0775950576067,0.0429063517040569,25.63411986970607,0.9444444444444444
273,Census Tract 2213,0,502.98897175024,527.4568649262396,0.0486449893540592,24.46789317599962,1.0
274,Census Tract 2215,0,452.8751251982926,469.2883980685019,0.0362423810824732,16.413272870209312,1.0909090909090908
275,Census Tract 201,0,0.0,0.0,0.0,0.0,0.0
276,Census Tract 2216,0,560.7132441722183,609.1142975090888,0.0863205102428515,48.40105333687052,4.0
277,Census Tract 1608,0,499.0559045612797,508.8438757056616,0.0196129753298612,9.78797114438197,0.3846153846153846
278,Census Tract 1609,0,633.456808439418,644.5424011469914,0.0175001555905349,11.085592707573484,0.5714285714285714
279,Census Tract 2228,0,649.4752268374459,674.6495522123047,0.0387610248006573,25.174325374858768,1.7999999999999998
280,Census Tract 1611,0,578.1491070962526,624.9329111861301,0.0809199625419274,46.78380408987755,1.2000000000000002
281,Census Tract 1613,0,573.0596556381868,603.9712675630424,0.0539413508187571,30.91161192485561,0.75
282,Census Tract 6501,0,0.0,0.0,0.0,0.0,0.0
283,Census Tract 3302,0,232.73301130748877,233.20563371620725,0.0020307493383225,0.4726224087185073,0.2857142857142857
284,Census Tract 4206,1,486.5031347793989,503.7077742178146,0.0353638819741972,17.204639438415654,0.5
285,Census Tract 4207,1,568.7428293559317,605.5019421593088,0.0646322219921518,36.75911280337709,0.7142857142857142
286,Census Tract 6610,0,1528.5593069083857,1595.0535337661358,0.0435012410426123,66.49422685775016,5.444444444444444
287,Census Tract 8233.04,1,,,0.0,,
288,Census Tract 101,0,0.0,0.0,0.0,0.0,0.0
289,Census Tract 6405,0,995.9283683881514,1099.090557246314,0.1035839445211548,103.1621888581625,2.571428571428571
290,Census Tract 6407,0,449.2292378116051,485.0789093380228,0.0798026230462143,35.849671526417694,1.0
291,Census Tract 3108,0,367.1591340520529,367.1591340520529,0.0,0.0,0.0
292,Census Tract 6604,0,570.356524925462,653.4519512178285,0.1456903229137703,83.09542629236648,3.0
293,Census Tract 6704,1,1013.2962406571962,1084.509703298491,0.0702790159323082,71.21346264129511,2.0
294,Census Tract 3404,0,263.9543352331373,263.9543352331373,0.0,0.0,0.0
295,Census Tract 4208,1,538.1026599383331,561.0811777175329,0.0427028511285061,22.97851777919982,0.5
296,Census Tract 2225,0,416.26744335550086,416.87529911599273,0.0014602529460194,0.6078557604918728,0.25
297,Census Tract 3906,1,349.74394132102765,349.74394132102765,0.0,0.0,0.0
298,Census Tract 103,0,876.0305578933485,917.4581478015272,0.0472901196595271,41.42758990817879,1.8947368421052628
299,Census Tract 106,0,811.1510077888358,833.0791893456258,0.0270334146740016,21.928181556789923,1.6428571428571426
300,Census Tract 1508,0,636.7730117103706,678.4813087342127,0.0654994735279588,41.70829702384208,2.0000000000000004
301,Census Tract 1511,0,948.4968168370322,985.387358696901,0.0388936907378227,36.89054185986879,1.0
302,Census Tract 2301,0,337.1814762058998,363.7552023314369,0.0788113464136739,26.57372612553712,0.7692307692307693
303,Census Tract 1601,0,714.4794123193535,714.4794123193535,0.0,0.0,0.0
304,Census Tract 1602,0,573.7836411620578,638.4848388362271,0.1127623602916474,64.7011976741693,1.2222222222222223
305,Census Tract 1604,0,497.2920577735365,565.6590491325119,0.1374785506630981,68.36699135897544,2.142857142857143
306,Census Tract 3106,0,338.7736838174264,342.78897155389865,0.0118524192647627,4.015287736472317,0.1578947368421052
307,Census Tract 3109,0,362.162097792958,362.162097792958,0.0,0.0,0.0
308,Census Tract 3204,0,151.2075095322225,162.30745101829518,0.0734086654850119,11.09994148607268,0.7142857142857142
309,Census Tract 615,0,463.99099923440986,477.41084892090646,0.0289226508890032,13.419849686496605,0.6666666666666667
310,Census Tract 3206,0,174.77158656068963,174.77158656068963,0.0,0.0,0.0
311,Census Tract 7403,0,1557.4430393062603,1557.4430393062603,0.0,0.0,0.0
312,Census Tract 2227,0,596.173346953881,608.4324291013629,0.0205629490317188,12.259082147481877,1.0
313,Census Tract 2212,0,558.0036678848794,583.7434088918341,0.046128264899264,25.73974100695466,1.2333333333333334
314,Census Tract 1607,0,453.7544580196735,467.299769577145,0.029851633010037,13.545311557471564,0.2
315,Census Tract 2222,0,368.6717490569709,369.3140659806411,0.0017422461181613,0.6423169236702506,0.1428571428571428
316,Census Tract 3405,0,355.7233699748264,360.7348777489815,0.0140882162859013,5.011507774155064,0.1666666666666666
317,Census Tract 3301,0,446.9560349049703,451.2025288566457,0.0095009209408667,4.246493951675404,0.419753086419753
318,Census Tract 3403,0,465.12919725240727,465.12919725240727,0.0,0.0,0.0
319,Census Tract 3504,0,342.473824567726,342.473824567726,0.0,0.0,0.0
320,Census Tract 7505,1,803.6798916319212,807.9166414747674,0.0052716882517032,4.236749842846166,0.5
321,Census Tract 7504,0,1177.5065296331456,1177.5065296331456,0.0,0.0,0.0
322,Census Tract 7502,1,1251.2403102630378,1251.2403102630378,0.0,0.0,0.0
323,Census Tract 4302,1,884.5974107105817,884.5974107105817,0.0,0.0,0.0
324,Census Tract 6608,0,573.4561024220682,605.9947759454777,0.0567413501852681,32.53867352340956,1.4999999999999998
325,Census Tract 6609,0,1151.9936239330889,1190.371233133836,0.0333140812617696,38.37760920074743,4.333333333333333
326,Census Tract 6703,1,538.3444612252861,573.8449990557856,0.0659439083847902,35.500537830499525,0.6000000000000001
327,Census Tract 2226,0,611.3486765787811,621.0159316818333,0.015812997514204,9.667255103052184,1.1111111111111112
328,Census Tract 1704,0,993.0352219104263,1153.6566105665524,0.1617479270746495,160.6213886561261,5.5
329,Census Tract 3902,1,269.3704983744178,269.3704983744178,0.0,0.0,0.0
330,Census Tract 1710,0,117.13165183349209,117.13165183349209,0.0,0.0,0.0
331,Census Tract 1801,0,866.2168802563382,944.557732355974,0.0904402279443603,78.34085209963587,4.666666666666666
332,Census Tract 3903,1,636.3845777182862,636.3845777182862,0.0,0.0,0.0
333,Census Tract 3907,1,,,0.0,,
334,Census Tract 4003,1,655.2203343356214,655.2203343356214,0.0,0.0,0.0
335,Census Tract 4005,1,636.7258995488372,655.1391692170843,0.0289186754948935,18.41326966824704,0.3333333333333333
336,Census Tract 4008,1,1072.2772592104193,1075.1776274875135,0.0027048678428843,2.900368277094458,0.6666666666666666
337,Census Tract 4101,1,,,0.0,,
338,Census Tract 4403,1,654.0400337489298,656.3040213675738,0.0034615428747793,2.2639876186440238,0.5
339,Census Tract 4308,1,915.8248355977604,921.7371053755368,0.0064556774919926,5.912269777776373,0.7142857142857142
340,Census Tract 2001,0,680.1091436417099,728.2854777690395,0.0708361806009029,48.1763341273296,1.75
341,Census Tract 4102,1,553.1322979019878,554.819825147126,0.0030508564615353,1.6875272451381989,0.3333333333333333
342,Census Tract 6806,1,453.1923444088866,456.169166536049,0.0065685622537272,2.976822127162393,0.2857142857142857
343,Census Tract 4303,1,972.5122248695868,972.5122248695868,0.0,0.0,0.0
344,Census Tract 4307,1,,,0.0,,
345,Census Tract 4309,1,731.6794000412234,740.8579168152046,0.0125444515363751,9.178516773981189,0.3333333333333333
346,Census Tract 4312,1,1235.6511598957777,1235.6511598957777,0.0,0.0,0.0
347,Census Tract 4314,1,,,0.0,,
348,Census Tract 2308,1,659.9317543780085,699.1770575568868,0.0594687297868661,39.24530317887832,4.0
349,Census Tract 2311,1,666.6173506477768,695.4777980248243,0.0432938736878102,28.86044737704753,2.0
350,Census Tract 2101,0,0.0,0.0,0.0,0.0,0.0
351,Census Tract 4202,1,551.0466099037699,553.5779007714773,0.004593605735365,2.531290867707412,0.5
352,Census Tract 4203,1,222.9187042572615,222.9187042572615,0.0,0.0,0.0
353,Census Tract 4406,1,800.5381913248117,803.0086704990033,0.0030860228793122,2.4704791741916097,0.5
354,Census Tract 4408,1,762.2122849216867,775.0504009946995,0.0168432290150399,12.838116073012884,0.5
355,Census Tract 4409,1,705.4725757205276,705.4725757205276,0.0,0.0,0.0
356,Census Tract 4503,1,675.1955699170887,675.1955699170887,0.0,0.0,0.0
357,Census Tract 6720,1,874.5434050440872,893.3295527614189,0.0214810924294656,18.786147717331687,1.0
358,Census Tract 6809,1,414.5411415827484,419.0898510945293,0.0109728783358235,4.548709511780885,0.2
359,Census Tract 6810,1,614.2467478511907,614.2467478511907,0.0,0.0,0.0
360,Census Tract 2402,0,388.4460548069126,392.3092652746211,0.0099452946423379,3.863210467708484,0.5
361,Census Tract 2403,0,296.70881495018097,306.91607865318804,0.0344016193274235,10.207263703007072,0.6000000000000001
362,Census Tract 2002,0,821.2617144005785,909.701983830669,0.1076882897124226,88.44026943009044,5.666666666666666
363,Census Tract 4105,1,346.3289007695729,353.4427506859648,0.020540734257477,7.113849916391928,0.2
364,Census Tract 4106,1,743.4655501229461,748.5281318583608,0.0068094368791903,5.06258173541471,1.0
365,Census Tract 1702,0,824.2445315326952,987.1761854107724,0.1976739276329845,162.9316538780772,7.0
366,Census Tract 1703,0,56.644279730528496,56.644279730528496,0.0,0.0,0.0
367,Census Tract 3818,1,491.1530562937256,491.1530562937256,0.0,0.0,0.0
368,Census Tract 3514,1,469.9012287696012,469.9012287696012,0.0,0.0,0.0
369,Census Tract 3812,1,971.1149022507662,1006.4715761734724,0.0364083321559162,35.35667392270602,1.0
370,Census Tract 3814,1,512.1389120210713,512.1389120210713,0.0,0.0,0.0
371,Census Tract 3901,1,534.148200403106,534.148200403106,0.0,0.0,0.0
372,Census Tract 4304,1,904.2682616905814,922.6973683881253,0.0203801321779108,18.42910669754372,0.8571428571428571
373,Census Tract 4305,1,589.1669910666818,596.3679650864059,0.0122222971227338,7.200974019724072,1.0
374,Census Tract 4306,1,709.2858630591193,714.3162550859739,0.0070921927093806,5.030392026854656,1.0
375,Census Tract 2307,1,652.1191769745814,688.7190642264685,0.0561245375756121,36.59988725188714,2.833333333333333
376,Census Tract 2309,1,174.7962673019771,174.7962673019771,0.0,0.0,0.0
377,Census Tract 1707,0,1385.0311765070562,1530.5104342664551,0.1050368108870203,145.47925775939893,7.0
378,Census Tract 1708,0,987.6205906011428,1113.7033249905198,0.1276631285224959,126.08273438937704,5.0
379,Census Tract 2422,0,287.9774643917743,297.2172225725442,0.0320850042911685,9.239758180769911,0.3333333333333333
380,Census Tract 2104,0,647.4249042450276,675.7297726797777,0.0437191529846335,28.30486843475012,1.6
381,Census Tract 2203,0,457.2076821827628,475.278837522297,0.0395250474647767,18.071155339534243,0.4999999999999999
382,Census Tract 2107,0,517.4990846055155,524.9757072346154,0.0144476055156682,7.476622629099893,0.857142857142857
383,Census Tract 2109,0,454.9583701060487,460.8802174596022,0.0130162400401011,5.921847353553517,0.6666666666666666
384,Census Tract 4204,1,532.4376185361949,532.4376185361949,0.0,0.0,0.0
385,Census Tract 4205,1,826.193447469292,856.2771918802998,0.0364124703520188,30.08374441100784,1.0
386,Census Tract 6913,1,1171.9275841476865,1322.7870187580068,0.128727607960552,150.85943461032025,3.5
387,Census Tract 317,0,521.2968138992699,578.0428940842116,0.1088556052366489,56.746080184941775,1.25
388,Census Tract 4701,1,911.4271484801524,912.8790612518936,0.0015930102303427,1.4519127717410356,0.2
389,Census Tract 4801,1,1166.314633787254,1198.610714804648,0.0276907106211317,32.296081017394044,1.0
390,Census Tract 6910,1,924.2473546209028,934.2522802499408,0.0108249437545232,10.004925629038212,1.0
391,Census Tract 2423,0,417.94712979228194,418.5487645858436,0.0014394997612752,0.6016347935616864,0.1428571428571428
392,Census Tract 4111,1,207.60541390895375,208.32863987115587,0.0034836565607063,0.7232259622020933,0.1428571428571428
393,Census Tract 4604,1,1626.0240342014613,1657.367908953939,0.0192763908116958,31.34387475247763,2.0
394,Census Tract 6812,1,0.0,0.0,0.0,0.0,0.0
395,Census Tract 2414,0,424.8223741123864,436.463102104296,0.0274014004470257,11.640727991909673,1.2142857142857142
396,Census Tract 2415,0,396.0031072790971,399.21587495326565,0.0081129860223653,3.2127676741685605,0.2307692307692307
397,Census Tract 2416,0,333.99247041897775,333.99247041897775,0.0,0.0,0.0
398,Census Tract 2420,0,265.03749937504523,266.3424466208924,0.004923632500775,1.3049472458471314,0.0833333333333333
399,Census Tract 2433,0,340.3336063206325,342.4748819144012,0.0062916960123866,2.1412755937686825,0.0909090909090909
400,Census Tract 4803,1,1072.7155338040843,1097.7716297628783,0.0233576331927809,25.056095958794003,1.0
401,Census Tract 7108,1,385.7472675945801,399.075902259926,0.0345527649449336,13.32863466534593,0.4
402,Census Tract 7113,1,673.6597971428971,737.6878596834706,0.0950450996365333,64.0280625405735,2.0
403,Census Tract 102.02,0,1093.923990942185,1113.1568295094123,0.0175815127252695,19.232838567227645,1.4
404,Census Tract 4804,1,656.3680379693538,669.6758218632636,0.0202748810485667,13.3077838939098,0.4
405,Census Tract 4805,1,880.4646297007324,890.442532983602,0.011332543007731,9.977903282869534,0.25
406,Census Tract 2412,0,498.0860174422388,512.8296979587592,0.0296006713704428,14.743680516520383,0.6000000000000001
407,Census Tract 6911,1,407.3364297015012,407.3364297015012,0.0,0.0,0.0
408,Census Tract 6912,1,670.6701797816062,721.8056495976324,0.0762453309504199,51.135469816026216,1.0
409,Census Tract 6914,1,789.3677935329744,789.7293940530285,0.0004580887680199,0.3616005200541394,1.0
410,Census Tract 512,0,334.0132597300478,345.8538808495488,0.0354495540957584,11.840621119500952,0.75
411,Census Tract 6915,1,607.7684115345919,613.055622104468,0.0086993836295736,5.287210569876038,0.75
412,Census Tract 4107,1,540.2288496536298,542.4043381732386,0.0040269758288613,2.1754885196087344,0.6428571428571428
413,Census Tract 4108,1,449.6047939694145,449.6047939694145,0.0,0.0,0.0
414,Census Tract 4109,1,,,0.0,,
415,Census Tract 4110,1,,,0.0,,
416,Census Tract 4112,1,432.46722041930366,432.46722041930366,0.0,0.0,0.0
417,Census Tract 5306,1,838.2527490699085,838.2527490699085,0.0,0.0,0.0
418,Census Tract 4601,1,1162.6667210889157,1164.5735736067636,0.0016400680291786,1.9068525178479376,0.25
419,Census Tract 4602,1,778.4607958458968,778.4607958458968,0.0,0.0,0.0
420,Census Tract 4605,1,928.2034707934428,930.8583510522252,0.0028602352203153,2.6548802587823275,0.6666666666666666
421,Census Tract 4606,1,181.30411557116636,181.30411557116636,0.0,0.0,0.0
422,Census Tract 4607,1,935.4604261280284,935.4604261280284,0.0,0.0,0.0
423,Census Tract 2413,0,399.96093106335127,419.5820328423857,0.0490575460129793,19.621101779034404,2.0
424,Census Tract 6813,1,229.37384725508235,229.37384725508235,0.0,0.0,0.0
425,Census Tract 6814,1,858.6346467175018,870.1264176670328,0.0133837727064277,11.491770949530974,1.222222222222222
426,Census Tract 601,0,599.8315463687973,640.7021635809352,0.0681368251795968,40.87061721213797,0.875
427,Census Tract 6903,1,392.2998029284021,392.2998029284021,0.0,0.0,0.0
428,Census Tract 6904,1,486.39087498942297,486.39087498942297,0.0,0.0,0.0
429,Census Tract 6909,1,660.8256194230092,660.8256194230092,0.0,0.0,0.0
430,Census Tract 602,0,764.0484398187001,817.1900221451215,0.0695526350908212,53.14158232642137,1.714285714285714
431,Census Tract 2421,0,282.2529698803179,282.2529698803179,0.0,0.0,0.0
432,Census Tract 2431,0,385.4405671023944,389.9541136377309,0.0117100972771698,4.513546535336559,0.4285714285714285
433,Census Tract 2432,0,400.3616717895125,404.241533114169,0.0096908910069102,3.879861324656531,0.8666666666666667
434,Census Tract 2434,0,262.0802355580175,263.6000824389291,0.0057991663418479,1.5198468809116434,0.3
435,Census Tract 2435,0,216.26942531850847,216.26942531850847,0.0,0.0,0.0
436,Census Tract 2502,0,566.0389580830624,682.1837439689366,0.2051886786718851,116.14478588587416,3.666666666666666
437,Census Tract 4910,1,1200.1518254277962,1222.6575301940777,0.0187523813982943,22.50570476628127,1.0
438,Census Tract 4911,1,979.7871230593216,1025.2870908888724,0.0464386260634657,45.49996782955077,1.0
439,Census Tract 7101,1,0.0,0.0,0.0,0.0,0.0
440,Census Tract 5101,1,0.0,0.0,0.0,0.0,0.0
441,Census Tract 5102,1,863.5130959980524,863.5130959980524,0.0,0.0,0.0
442,Census Tract 7103,1,356.9481619905632,385.6861732630432,0.0805103214769871,28.738011272479923,1.0
443,Census Tract 5202,1,541.4657578796074,541.4657578796074,0.0,0.0,0.0
444,Census Tract 7109,1,752.5503008641926,758.3105461288524,0.0076542993312804,5.760245264659716,0.5
445,Census Tract 7110,1,789.923196054217,812.0404584749843,0.0279992568027453,22.11726242076736,1.0
446,Census Tract 7112,1,848.701606463421,853.1560421320987,0.0052485297951062,4.454435668677775,1.3333333333333333
447,Census Tract 814.02,1,,,0.0,,
448,Census Tract 7106,1,713.7631041617499,794.3479767836499,0.1129014264705369,80.58487262189999,2.0
449,Census Tract 619.02,0,522.5277628638011,525.8330537083045,0.0063255793843149,3.3052908445034745,0.36
450,Census Tract 302,0,438.6802098008599,468.7939884190977,0.0686463121550617,30.1137786182378,1.25
451,Census Tract 303,0,47.55374663686347,47.55374663686347,0.0,0.0,0.0
452,Census Tract 304,0,666.7744166718855,729.7273587449436,0.0944141534213011,62.95294207305801,1.4
453,Census Tract 305,0,676.0809641353724,680.6240872421091,0.0067197914861378,4.543123106736744,0.4782608695652174
454,Census Tract 308,0,581.5721672975194,619.3704836581744,0.0649933378626048,37.79831636065501,1.5333333333333332
455,Census Tract 2424,0,412.4777001823709,414.73361030431226,0.0054691686870439,2.2559101219413265,1.75
456,Census Tract 2425,0,362.4641489962771,383.4125762404513,0.0577944806463862,20.948427244174184,1.2000000000000002
457,Census Tract 2426,0,47.218725542312846,47.218725542312846,0.0,0.0,0.0
458,Census Tract 2427,0,373.495769869629,395.8216649423932,0.0597754964682926,22.32589507276424,1.0
459,Census Tract 2428,1,471.224442266643,488.8566103184915,0.0374177705363409,17.63216805184851,1.0
460,Census Tract 2429,1,1235.0660985528327,1323.4616531925535,0.0715715173004074,88.39555463972079,7.0
461,Census Tract 2430,1,496.01019788854165,501.5409054252007,0.0111503907786627,5.530707536659065,0.25
462,Census Tract 2204,0,472.39137254049024,497.316642050355,0.0527640235591481,24.925269509864734,1.0588235294117647
463,Census Tract 2205,0,539.8669226736458,559.6851006065294,0.0367093761453947,19.8181779328836,1.2631578947368416
464,Census Tract 318,0,367.6561879837186,379.0122979868429,0.0308878522224877,11.356110003124286,0.3636363636363636
465,Census Tract 2210,0,609.1099481806117,637.7905696718315,0.047086115695348,28.680621491219767,0.8666666666666667
466,Census Tract 8104,1,,,0.0,,
467,Census Tract 319,0,611.8077748419746,633.5784544518797,0.0355841826552928,21.770679609905077,0.9230769230769232
468,Census Tract 5205,1,1035.4338993053211,1038.7710121636735,0.0032229125013108,3.3371128583521568,0.2
469,Census Tract 7205,0,1009.022578054025,1041.291577085813,0.031980452899301,32.2689990317881,1.0
470,Census Tract 4903,1,615.9959107833258,615.9959107833258,0.0,0.0,0.0
471,Census Tract 3501,0,422.0551840573512,422.0551840573512,0.0,0.0,0.0
472,Census Tract 3511,1,459.24285024747536,461.65284637893535,0.005247759720508,2.409996131459991,0.125
473,Census Tract 2512,1,63.08354747464533,63.08354747464533,0.0,0.0,0.0
474,Census Tract 309,0,1093.4017955562915,1144.8211988549608,0.047026997310269,51.41940329866907,2.0
475,Census Tract 2506,1,601.995396855577,662.1199094406061,0.099875369311924,60.12451258502904,2.0
476,Census Tract 321,0,565.9236932741092,571.4052097422674,0.0096859639087477,5.481516468158247,0.5416666666666667
477,Census Tract 4905,1,432.0330440281362,432.8664850840378,0.0019291141439805,0.8334410559016305,0.5
478,Census Tract 4906,1,1150.770178167883,1151.358047205703,0.0005108483422435,0.5878690378203828,0.75
479,Census Tract 4907,1,1303.1873493368548,1308.0612170593529,0.0037399593580907,4.873867722497835,5.0
480,Census Tract 4908,1,0.0,0.0,0.0,0.0,0.0
481,Census Tract 7002,1,1328.8006252857415,1474.3597889859648,0.1095417633995486,145.55916370022305,4.0
482,Census Tract 7102,1,533.1604406312235,551.8404701394227,0.0350364132156604,18.68002950819914,0.4444444444444444
483,Census Tract 7104,1,818.5560138419407,820.793534530536,0.0027334973425866,2.237520688595282,0.5
484,Census Tract 7105,1,1118.927455252457,1214.5697896752558,0.0854767965285287,95.64233442279874,2.0
485,Census Tract 7107,1,503.4791795484705,543.4163065278417,0.0793223009046522,39.937126979371214,1.0
486,Census Tract 2510,1,458.2529933204109,564.1555451334773,0.2311006220509709,105.9025518130664,3.333333333333333
487,Census Tract 2804,1,0.0,0.0,0.0,0.0,0.0
488,Census Tract 3201,0,0.0,0.0,0.0,0.0,0.0
489,Census Tract 5808,0,327.8096880716333,327.8096880716333,0.0,0.0,0.0
490,Census Tract 3510,0,302.36830885640217,309.8953151663404,0.0248935026901673,7.527006309938201,0.6666666666666666
491,Census Tract 3602,1,374.006033200026,374.006033200026,0.0,0.0,0.0
492,Census Tract 3801,1,767.7872162336773,793.3654578315741,0.0333142321949158,25.57824159789675,1.0
493,Census Tract 2315,1,490.5182540506139,508.9582061120025,0.0375927947820794,18.439952061388624,1.125
494,Census Tract 2511,1,163.27223299749852,163.27223299749852,0.0,0.0,0.0
495,Census Tract 5502,0,1082.2735812717792,1083.9404633835825,0.0015401670526268,1.666882111803261,1.0
496,Census Tract 5608,0,963.6149474645875,1108.364913870092,0.1502155677289594,144.74996640550444,3.0
497,Census Tract 5609,0,1204.8435858921036,1349.5935522976083,0.1201400481360634,144.7499664055047,3.0
498,Census Tract 5003,1,1254.863385962915,1254.863385962915,0.0,0.0,0.0
499,Census Tract 5610,0,1030.240476020501,1142.261367780235,0.1087327612990276,112.0208917597338,2.75
500,Census Tract 5611,0,1240.6629889928008,1357.0531516087428,0.0938128755742365,116.39016261594202,3.333333333333333
501,Census Tract 5702,0,528.4610964844379,528.4610964844379,0.0,0.0,0.0
502,Census Tract 7304,1,939.0060939075536,984.740958213293,0.0487056096893041,45.73486430573939,1.0
503,Census Tract 7305,1,1104.3338640951715,1128.9325793268956,0.022274708791873,24.598715231723872,1.0
504,Census Tract 7306,1,1127.092481213353,1268.6295390062255,0.1255771466423973,141.5370577928727,1.0
505,Census Tract 7307,1,752.5917545488996,805.39137962223,0.0701570602576934,52.79962507333039,0.5
506,Census Tract 2503,0,546.5917501155172,611.2857392812822,0.1183588833020118,64.69398916576495,3.0
507,Census Tract 2504,0,631.5532010813636,760.9339011559168,0.2048611262725355,129.38070007455326,5.0
508,Census Tract 2505,0,0.0,0.0,0.0,0.0,0.0
509,Census Tract 2507,1,438.941638109353,475.1738585972106,0.0825445055609673,36.2322204878576,0.8
510,Census Tract 2508,1,760.8850890325805,780.4612515451622,0.0257281458064471,19.57616251258173,2.0
511,Census Tract 5203,1,992.9846594388888,992.9846594388888,0.0,0.0,0.0
512,Census Tract 5607,0,941.7598311253304,1086.509797530835,0.1537015719098357,144.7499664055047,3.0
513,Census Tract 7206,1,1397.5133239451284,1453.1793821906138,0.0398322200523585,55.666058245485374,1.0
514,Census Tract 310,0,708.8359040317557,755.1479781699511,0.0653353955051924,46.312074138195385,2.1428571428571423
515,Census Tract 505,0,804.7287529376849,816.8838254608478,0.0151045584972457,12.155072523162858,1.25
516,Census Tract 508,0,666.1323224686059,691.9746330309077,0.0387945603157842,25.842310562301805,3.0
517,Census Tract 510,0,410.47754631960674,414.5478229494928,0.009915954395997,4.070276629885996,1.7999999999999998
518,Census Tract 514,0,427.0475024772469,496.3716413191606,0.1623335540888856,69.32413884191368,2.333333333333333
519,Census Tract 819,0,261.2138204627454,261.2138204627454,0.0,0.0,0.0
520,Census Tract 2520,1,1007.5450816083855,1031.9408477790196,0.0242130765322084,24.395766170634037,1.4999999999999998
521,Census Tract 403,0,725.897571125307,748.8097067899471,0.0315638687550932,22.91213566464012,0.75
522,Census Tract 408,0,664.6050951071343,709.7191900060068,0.0678810548264005,45.11409489887251,2.5
523,Census Tract 501,0,609.6507557207435,659.0313081833813,0.0809980993204197,49.38055246263775,2.0
524,Census Tract 502,0,529.7477639475866,558.5350484410002,0.0543414931643993,28.78728449341361,1.0
525,Census Tract 503,0,822.8473162655287,857.7670467376822,0.0424376792411936,34.91973047215356,1.0000000000000002
526,Census Tract 3802,1,848.3211218582079,870.1800204611847,0.0257672454920087,21.85889860297675,1.0
527,Census Tract 6004,0,401.961633652535,403.0667781496405,0.0027493780614416,1.1051444971055275,0.2
528,Census Tract 815,0,376.9114444117923,383.8102337949396,0.0183034754859025,6.898789383147346,0.5
529,Census Tract 7201,1,1029.404153540068,1156.342719228887,0.1233126612635899,126.93856568881893,1.7999999999999998
530,Census Tract 7202,1,878.8159454107047,944.0288809956136,0.0742054532868452,65.21293558490879,0.6666666666666666
531,Census Tract 7203,1,0.0,0.0,0.0,0.0,0.0
532,Census Tract 7207,1,1024.9072252377832,1068.4061215681838,0.0424417891290684,43.49889633040061,0.75
533,Census Tract 7301,1,822.4699741244918,828.6212629498661,0.0074790436355105,6.1512888253743085,0.25
534,Census Tract 7303,1,209.0386758384846,209.0386758384846,0.0,0.0,0.0
535,Census Tract 311,0,583.1988240752011,590.8311873254456,0.0130870689980342,7.632363250244566,0.5
536,Census Tract 312,0,760.9001446442392,765.4543419171235,0.0059852758669321,4.55419727288438,0.3333333333333333
537,Census Tract 313,0,502.99683648746327,519.6073285802644,0.0330230547945307,16.61049209280111,1.5
538,Census Tract 314,0,729.2909680271027,734.2444491591906,0.0067921876853735,4.953481132087859,1.0
539,Census Tract 5705,0,1012.4392712676602,1090.5583792923069,0.0771593025296566,78.1191080246465,1.3333333333333333
540,Census Tract 5801,0,592.1925091739228,600.0672698298176,0.0132976363832763,7.874760655894875,1.0
541,Census Tract 603,0,532.3720621849743,562.7054970722684,0.0569778864104905,30.33343488729406,0.7826086956521738
542,Census Tract 5804,0,616.5802175270378,616.5802175270378,0.0,0.0,0.0
543,Census Tract 5806,0,563.94053466961,576.3221465644383,0.0219555274601465,12.381611894828325,1.0
544,Census Tract 513,0,464.2539461025769,511.6164305805805,0.10201848551986,47.36248447800364,3.0
545,Census Tract 5001,1,664.9193261345035,664.9193261345035,0.0,0.0,0.0
546,Census Tract 506,0,504.0215669213973,536.622663830057,0.0646819482503293,32.60109690865971,1.0
547,Census Tract 507,0,593.5812061615688,634.4699269207638,0.0688847967805525,40.88872075919494,1.8000000000000005
548,Census Tract 509,0,558.1403770598114,638.1153553970906,0.1432882866467641,79.97497833727925,3.0
549,Census Tract 511,0,475.93801327793415,500.4393251439528,0.0514800482047451,24.50131186601868,1.25
550,Census Tract 818,0,360.0867647474126,361.3196117470116,0.0034237498300271,1.2328469995989622,0.1428571428571428
551,Census Tract 901,0,1130.898276333174,1133.6558564074653,0.0024383979814988,2.7575800742913543,1.0
552,Census Tract 902,0,1193.5866974075454,1193.5866974075454,0.0,0.0,0.0
553,Census Tract 903,0,933.1495257691754,980.6827666854938,0.0509385040700071,47.53324091631839,1.0
554,Census Tract 1001,0,0.0,0.0,0.0,0.0,0.0
555,Census Tract 2602,1,564.8573780207735,568.3079976939464,0.0061088334992873,3.4506196731729237,1.3333333333333333
556,Census Tract 1002,0,0.0,0.0,0.0,0.0,0.0
557,Census Tract 624,0,608.6870609124478,658.5108710848486,0.0818545577389354,49.82381017240084,2.0
558,Census Tract 4913,1,105.6409274078861,105.6409274078861,0.0,0.0,0.0
559,Census Tract 7204,0,1323.238956720537,1422.2853861800354,0.0748515065676201,99.04642945949809,1.0
560,Census Tract 5304,1,1455.9083934207042,1571.6836634585916,0.0795209853594356,115.77527003788737,3.0
561,Census Tract 634,0,499.2361222056276,514.861826415863,0.0312992259878971,15.62570421023537,1.0625
562,Census Tract 7506,1,857.1510354721734,892.6721663475452,0.0414409239508233,35.5211308753718,0.5
563,Census Tract 401,0,743.6764367849757,773.1780307705563,0.0396699324145866,29.5015939855806,1.5833333333333333
564,Census Tract 406,0,551.0782282043465,574.7492290833778,0.0429539758015151,23.67100087903134,1.5
565,Census Tract 407,0,626.5061192605784,648.3997683875149,0.0349456269521772,21.89364912693645,2.090909090909091
566,Census Tract 409,0,731.4185039973802,767.8314306899524,0.049783983442539,36.41292669257223,2.0
567,Census Tract 816,0,119.50851341307978,119.50851341307978,0.0,0.0,0.0
568,Census Tract 817,0,206.1112937089693,210.7398489856478,0.0224565825258175,4.628555276678497,0.2608695652173913
569,Census Tract 2513,1,837.9778960548399,876.4045780315142,0.0458564386454408,38.42668197667433,2.0
570,Census Tract 2514,1,727.7752716555699,781.372785113042,0.0736456919394177,53.59751345747213,2.666666666666667
571,Census Tract 2515,1,484.3998895563278,530.7998684101792,0.0957885826447031,46.399978853851394,3.0
572,Census Tract 2519,1,206.49137994238265,206.49137994238265,0.0,0.0,0.0
573,Census Tract 6009,0,531.4007878333906,535.5140760777264,0.0077404632031245,4.113288244335763,0.4444444444444444
574,Census Tract 628,0,497.0438687348563,504.7218559234983,0.0154473028873387,7.677987188641964,0.7142857142857142
575,Census Tract 629,0,556.9541691070975,578.2237149011488,0.0381890413499379,21.26954579405128,1.0
576,Census Tract 630,0,510.2638094602317,527.3749013142808,0.0335338143462488,17.111091854049107,1.1428571428571428
577,Census Tract 631,0,535.8636252057393,580.4021309227478,0.0831153741773542,44.53850571700855,1.0
578,Census Tract 632,0,480.5825268207119,647.8263470576547,0.3480022907685439,167.2438202369429,1.4545454545454544
579,Census Tract 2516,1,325.8599550059676,351.759832091209,0.0794816199025346,25.89987708524137,1.0
580,Census Tract 2518,1,0.0,0.0,0.0,0.0,0.0
581,Census Tract 1006,0,626.3576880067457,729.1953893869742,0.1641836658978168,102.83770138022852,2.5
582,Census Tract 622,0,517.4254989533441,535.725312007315,0.0353670491519803,18.299813053970865,0.9200000000000002
583,Census Tract 2610,1,961.7910208757652,989.1976662871764,0.0284954265703748,27.406645411411205,1.0
584,Census Tract 626,0,607.2147123541374,640.5431704181055,0.0548874350141411,33.32845806396813,1.0
585,Census Tract 1101,0,953.6974821228866,976.242342340475,0.0236394251218998,22.544860217588397,1.181818181818182
586,Census Tract 2609,1,496.7003282513459,504.5891035756279,0.0158823638229809,7.888775324281937,0.3333333333333333
587,Census Tract 5201,1,702.8362997109755,702.8362997109755,0.0,0.0,0.0
588,Census Tract 6114,0,810.4018801981265,810.4018801981265,0.0,0.0,0.0
589,Census Tract 6103,0,391.3446352225613,395.0470807831722,0.0094608312657853,3.702445560610954,0.2857142857142857
590,Census Tract 6108,0,437.8746398311589,449.3857231270409,0.0262885361443188,11.511083295882033,0.2222222222222222
591,Census Tract 627,0,346.2320514610583,359.10005223219366,0.0371658277066895,12.868000771135373,0.5
592,Census Tract 1203,0,0.0,0.0,0.0,0.0,0.0
593,Census Tract 5204,1,630.1724452441299,630.1724452441299,0.0,0.0,0.0
594,Census Tract 5807,0,683.7546026435607,693.2408785555743,0.0138738019098334,9.48627591201364,1.0000000000000002
595,Census Tract 612,0,507.3315143902654,522.59976028369,0.0300952049307929,15.268245893424591,0.6363636363636364
596,Census Tract 5905,0,554.0301813885052,555.4116120098871,0.0024934212391097,1.3814306213819236,0.25
597,Census Tract 5906,0,538.6152729156297,539.7204174127353,0.0020518253987177,1.1051444971055844,0.2
598,Census Tract 5907,0,710.0476039199519,715.2791043662921,0.0073678164921037,5.231500446340192,0.3333333333333333
599,Census Tract 6006,0,405.2390805543264,406.4539471756292,0.0029979009419352,1.2148666213028037,0.2727272727272727
600,Census Tract 6007,0,652.8899721682603,663.7239696849329,0.0165939101204029,10.833997516672524,0.4285714285714285
601,Census Tract 604,0,569.1075388341369,595.6943286381387,0.0467166361184865,26.5867898040018,1.0
602,Census Tract 605,0,449.6681338637119,460.6788635182493,0.0244863463192938,11.010729654537442,0.75
603,Census Tract 609,0,721.9084591952185,725.5370559735233,0.0050263945962759,3.628596778304768,0.2285714285714286
604,Census Tract 610,0,701.2146990348278,751.0092287878928,0.0710118168110331,49.79452975306492,2.1666666666666665
605,Census Tract 620,0,665.6095256324368,700.9806735935049,0.0531409882204732,35.37114796106812,2.25
606,Census Tract 621,0,472.8526365737369,495.5341585666843,0.0479674220647185,22.68152199294741,1.2222222222222223
607,Census Tract 2608,1,35.234785014506485,35.234785014506485,0.0,0.0,0.0
608,Census Tract 6308,0,727.2154788918625,758.0003473183781,0.0423325263557726,30.784868426515573,2.0
609,Census Tract 1003,0,0.0,0.0,0.0,0.0,0.0
610,Census Tract 1004,0,0.0,0.0,0.0,0.0,0.0
611,Census Tract 1005,0,0.0,0.0,0.0,0.0,0.0
612,Census Tract 2831,0,197.7161722643417,197.7161722643417,0.0,0.0,0.0
613,Census Tract 2712,1,284.09692235424774,284.09692235424774,0.0,0.0,0.0
614,Census Tract 623,0,510.9762004457455,527.2505357530631,0.0318494976735137,16.274335307317642,0.8
615,Census Tract 625,0,629.1814506957389,699.309795134566,0.1114596502507825,70.12834443882707,1.777777777777778
616,Census Tract 707,0,408.6875731814844,418.2949082179093,0.0235077738274137,9.607335036424956,0.5
617,Census Tract 711,0,380.0231362734536,405.3036024914748,0.0665234924008155,25.28046621802116,1.0
618,Census Tract 713,0,341.8213165729971,351.0898309970559,0.0271150860835196,9.268514424058822,0.5333333333333333
619,Census Tract 1402,0,566.7864146345919,575.721227362986,0.0157639853350303,8.93481272839415,0.68
620,Census Tract 706,0,469.89460538003135,488.2546950827326,0.0390727824760881,18.36008970270126,1.0
621,Census Tract 1204,0,887.4815849908919,889.9130080328592,0.0027396884432169,2.4314230419673777,1.0
622,Census Tract 1301,0,816.8602459136858,855.081674565577,0.0467906583079449,38.22142865189119,3.0000000000000004
623,Census Tract 1401,0,567.4508072645931,570.4367637394928,0.0052620534444096,2.9859564748996945,0.25
624,Census Tract 2832,0,188.0076980926309,188.3397316476853,0.0017660636156017,0.3320335550544371,0.1538461538461538
625,Census Tract 1404,0,684.8432280874374,698.9279876648407,0.0205663997244125,14.084759577403249,1.0
626,Census Tract 2924,0,0.0,0.0,0.0,0.0,0.0
627,Census Tract 2827,1,328.324143560816,328.324143560816,0.0,0.0,0.0
628,Census Tract 2925,0,653.2861847151595,671.6900845730046,0.028171267491091,18.40389985784509,2.0
629,Census Tract 3006,0,745.836940331216,771.9866140796858,0.0350608455205463,26.14967374846969,1.2000000000000002
630,Census Tract 3007,0,233.5498668473767,233.5498668473767,0.0,0.0,0.0
631,Census Tract 2828,1,341.6993423072897,341.6993423072897,0.0,0.0,0.0
632,Census Tract 2838,0,1280.3844912485683,1380.374436646404,0.0780936867646141,99.98994539783553,3.0
633,Census Tract 2909,0,606.1894671575596,658.4305939906745,0.0861795357119533,52.24112683311489,1.6666666666666663
634,Census Tract 2916,0,530.0992406102105,536.6083564896417,0.0122790515072958,6.509115879431192,0.6666666666666666
635,Census Tract 2713,1,597.3154568824266,619.7307044144408,0.0375266490658156,22.415247532014178,1.0
636,Census Tract 2809,1,224.69834936944767,232.49163239341377,0.0346833122977349,7.793283023966097,1.0
637,Census Tract 703,0,388.4961649000589,409.5781492861407,0.0542656177610018,21.08198438608173,0.8181818181818182
638,Census Tract 3005,0,466.9264381971804,469.1003652662239,0.0046558234685471,2.1739270690435437,0.1428571428571428
639,Census Tract 2912,0,189.01057550281715,189.01057550281715,0.0,0.0,0.0
640,Census Tract 6203,0,0.0,0.0,0.0,0.0,0.0
641,Census Tract 6304,0,633.7184831624378,644.3366694791916,0.0167553678784403,10.61818631675385,1.0
642,Census Tract 6305,0,1005.8047347587874,1007.5429791693756,0.0017282125948683,1.7382444105883224,1.0
643,Census Tract 1103,0,587.8976882546403,587.8976882546403,0.0,0.0,0.0
644,Census Tract 1104,0,542.9270253825391,568.6631157920593,0.0474024854286575,25.736090409520216,0.3529411764705882
645,Census Tract 2801,0,0.0,0.0,0.0,0.0,0.0
646,Census Tract 1201,0,0.0,0.0,0.0,0.0,0.0
647,Census Tract 1202,0,0.0,0.0,0.0,0.0,0.0
648,Census Tract 2714,1,419.6563731473421,451.0782298659309,0.074875204403381,31.4218567185888,0.75
649,Census Tract 710,0,460.1767920427415,460.1767920427415,0.0,0.0,0.0
650,Census Tract 2819,0,192.31696914288528,193.4667888832124,0.0059787742363642,1.149819740327132,0.2727272727272727
651,Census Tract 5501,0,917.782872844293,917.782872844293,0.0,0.0,0.0
652,Census Tract 712,0,377.3480933569987,385.5276522072686,0.0216764281952565,8.179558850269927,0.4166666666666666
653,Census Tract 6115,0,692.9776171752803,692.9776171752803,0.0,0.0,0.0
654,Census Tract 6118,0,423.5114371858311,432.2676506256252,0.020675270301973,8.756213439794124,0.5
655,Census Tract 6119,0,526.913965898736,526.913965898736,0.0,0.0,0.0
656,Census Tract 6202,0,430.3604787704172,438.5973309251812,0.0191394251124022,8.236852154763994,0.5
657,Census Tract 702,0,426.4140763603439,460.0787527311231,0.0789483233248863,33.664676370779205,1.2777777777777777
658,Census Tract 704,0,454.4707424723581,484.511573049443,0.0661006920130002,30.04083057708488,1.3636363636363638
659,Census Tract 705,0,428.703751239557,439.2392617812171,0.0245752702447731,10.53551054166013,0.857142857142857
660,Census Tract 1303,0,863.6264008033638,887.1221926350374,0.0272059675454772,23.49579183167361,1.5
661,Census Tract 2922,0,279.34704624748656,279.9972023974324,0.0023274137266868,0.6501561499458148,0.2222222222222222
662,Census Tract 6309,0,836.0040098755301,880.6817516330292,0.0534420184948048,44.67774175749912,2.25
